"Customer ID,BG-NBD,Pareto-NBD,MBG-NBD"
"18074.0,374,374,374"
"16583.0,374,374,374"
"17968.0,374,374,374"
"12791.0,374,374,374"
"13747.0,374,374,374"
"17908.0,374,374,374"
"14729.0,374,374,374"
"16752.0,373,373,373"
"13065.0,373,373,373"
"13108.0,373,373,373"
"14142.0,373,373,373"
"17732.0,373,373,373"
"15923.0,373,373,373"
"17925.0,373,373,373"
"17643.0,373,373,373"
"15070.0,373,373,373"
"14237.0,373,373,373"
"12855.0,373,373,373"
"16274.0,373,373,373"
"18011.0,373,373,373"
"17855.0,373,373,373"
"15350.0,373,373,373"
"15165.0,373,373,373"
"12738.0,372,372,372"
"16754.0,372,372,372"
"14589.0,372,372,372"
"14576.0,372,372,372"
"17967.0,372,372,372"
"16510.0,372,372,372"
"17976.0,372,372,372"
"12686.0,372,372,372"
"15922.0,372,372,372"
"13011.0,372,372,372"
"12725.0,371,371,371"
"16926.0,371,371,371"
"14813.0,370,370,370"
"15899.0,369,369,369"
"18113.0,369,369,369"
"17860.0,369,369,369"
"15880.0,369,369,369"
"16718.0,369,369,369"
"16658.0,368,368,368"
"18119.0,368,368,368"
"14821.0,367,367,367"
"16125.0,367,367,367"
"13786.0,367,367,367"
"13807.0,367,367,367"
"12441.0,367,367,367"
"15180.0,367,367,367"
"16893.0,367,367,367"
"14355.0,366,366,366"
"14932.0,366,366,366"
"13370.0,366,366,366"
"15332.0,366,366,366"
"16858.0,366,366,366"
"16679.0,366,366,366"
"13270.0,366,366,366"
"15221.0,366,366,366"
"15347.0,366,366,366"
"16781.0,365,365,365"
"17978.0,365,365,365"
"14082.0,365,365,365"
"16795.0,365,365,365"
"17880.0,365,365,365"
"16065.0,365,365,365"
"15945.0,365,365,365"
"15723.0,365,365,365"
"17456.0,365,365,365"
"16565.0,364,364,364"
"16727.0,364,364,364"
"15503.0,363,363,363"
"17251.0,363,363,363"
"16665.0,362,362,362"
"14413.0,362,362,362"
"15361.0,362,362,362"
"15454.0,362,362,362"
"18004.0,362,362,362"
"16812.0,361,361,361"
"13948.0,361,361,361"
"17303.0,361,361,361"
"16202.0,361,361,361"
"17524.0,361,361,361"
"12797.0,360,360,360"
"16499.0,360,360,360"
"17525.0,360,360,360"
"13295.0,360,360,360"
"17551.0,359,359,359"
"17496.0,359,359,359"
"17752.0,359,359,359"
"18050.0,359,359,359"
"17691.0,358,358,358"
"12551.0,358,358,358"
"18269.0,358,358,358"
"14373.0,358,358,358"
"15789.0,358,358,358"
"13874.0,358,358,358"
"15224.0,358,358,358"
"13033.0,357,357,357"
"15160.0,357,357,357"
"15204.0,357,357,357"
"17343.0,355,355,355"
"15279.0,355,355,355"
"15460.0,354,354,354"
"18176.0,354,354,354"
"13369.0,354,354,354"
"12734.0,353,353,353"
"12515.0,353,353,353"
"16270.0,353,353,353"
"13922.0,352,352,352"
"15562.0,352,352,352"
"13304.0,351,351,351"
"16282.0,340,340,340"
"15266.0,338,338,338"
"15464.0,338,338,338"
"12386.0,338,338,338"
"13187.0,337,337,337"
"15607.0,337,337,337"
"12489.0,336,336,336"
"15649.0,336,336,336"
"14889.0,336,336,336"
"12651.0,335,335,335"
"17128.0,335,335,335"
"12793.0,335,335,335"
"16850.0,334,334,334"
"18032.0,334,334,334"
"15326.0,334,334,334"
"16351.0,333,333,333"
"15346.0,333,333,333"
"13144.0,333,333,333"
"12736.0,333,333,333"
"14270.0,332,332,332"
"17569.0,332,332,332"
"14185.0,331,331,331"
"15447.0,331,331,331"
"15510.0,331,331,331"
"16315.0,331,331,331"
"13385.0,330,330,330"
"15100.0,330,330,330"
"12672.0,330,330,330"
"17406.0,330,330,330"
"18085.0,330,330,330"
"18106.0,330,330,330"
"15316.0,327,327,327"
"12872.0,327,327,327"
"13859.0,326,326,326"
"18233.0,326,326,326"
"13898.0,326,326,326"
"14238.0,326,326,326"
"18212.0,326,326,326"
"15395.0,326,326,326"
"15171.0,325,325,325"
"14090.0,325,325,325"
"12665.0,325,325,325"
"15262.0,324,324,324"
"17862.0,324,324,324"
"13008.0,323,323,323"
"13284.0,323,323,323"
"15422.0,323,323,323"
"12402.0,323,323,323"
"17890.0,323,323,323"
"15174.0,323,323,323"
"16387.0,323,323,323"
"12652.0,322,322,322"
"12829.0,322,322,322"
"17714.0,321,321,321"
"15167.0,321,321,321"
"14368.0,320,320,320"
"14068.0,320,320,320"
"15820.0,320,320,320"
"14782.0,320,320,320"
"14439.0,320,320,320"
"14130.0,319,319,319"
"16757.0,319,319,319"
"15222.0,319,319,319"
"13551.0,319,319,319"
"15052.0,319,319,319"
"15213.0,319,319,319"
"13002.0,318,318,318"
"17118.0,318,318,318"
"17094.0,318,318,318"
"16222.0,318,318,318"
"13703.0,318,318,318"
"14248.0,318,318,318"
"15661.0,317,317,317"
"12764.0,317,317,317"
"12591.0,317,317,317"
"13328.0,316,316,316"
"12574.0,316,316,316"
"16124.0,316,316,316"
"12735.0,315,315,315"
"12377.0,315,315,315"
"12501.0,315,315,315"
"17062.0,314,314,314"
"17431.0,313,313,313"
"17239.0,313,313,313"
"18095.0,313,313,313"
"13615.0,313,313,313"
"15448.0,313,313,313"
"15415.0,313,313,313"
"13161.0,313,313,313"
"14850.0,312,312,312"
"17356.0,312,312,312"
"15881.0,312,312,312"
"13600.0,312,312,312"
"13494.0,312,312,312"
"13506.0,312,312,312"
"14496.0,312,312,312"
"17619.0,312,312,312"
"12373.0,311,311,311"
"14457.0,311,311,311"
"14549.0,311,311,311"
"15107.0,311,311,311"
"15226.0,311,311,311"
"12559.0,311,311,311"
"15940.0,311,311,311"
"14411.0,311,311,311"
"17912.0,310,310,310"
"12350.0,310,310,310"
"13800.0,310,310,310"
"16030.0,310,310,310"
"17223.0,310,310,310"
"17517.0,309,309,309"
"13581.0,309,309,309"
"17226.0,309,309,309"
"13963.0,308,308,308"
"15090.0,308,308,308"
"17291.0,308,308,308"
"13584.0,307,307,307"
"17392.0,307,307,307"
"14438.0,306,306,306"
"14600.0,306,306,306"
"15808.0,306,306,306"
"12956.0,306,306,306"
"15753.0,305,305,305"
"13809.0,305,305,305"
"17859.0,305,305,305"
"17881.0,304,304,304"
"15843.0,304,304,304"
"15970.0,304,304,304"
"12401.0,303,303,303"
"17358.0,303,303,303"
"13706.0,303,303,303"
"12561.0,303,303,303"
"17843.0,303,303,303"
"17850.0,302,302,302"
"16425.0,302,302,302"
"13819.0,302,302,302"
"16725.0,302,302,302"
"16405.0,302,302,302"
"16403.0,302,302,302"
"14497.0,301,301,301"
"12410.0,301,301,301"
"18159.0,301,301,301"
"17334.0,301,301,301"
"18250.0,301,301,301"
"17829.0,299,299,299"
"15236.0,299,299,299"
"16897.0,299,299,299"
"16084.0,299,299,299"
"14431.0,299,299,299"
"16738.0,298,298,298"
"13893.0,298,298,298"
"14386.0,297,297,297"
"14176.0,297,297,297"
"16494.0,297,297,297"
"16509.0,297,297,297"
"15670.0,297,297,297"
"14935.0,297,297,297"
"16148.0,296,296,296"
"14371.0,295,295,295"
"18138.0,295,295,295"
"13932.0,295,295,295"
"16765.0,294,294,294"
"14760.0,294,294,294"
"12988.0,292,292,292"
"12707.0,292,292,292"
"16073.0,292,292,292"
"12365.0,291,291,291"
"16349.0,291,291,291"
"13044.0,291,291,291"
"16913.0,290,290,290"
"12852.0,290,290,290"
"18114.0,290,290,290"
"15303.0,290,290,290"
"15397.0,290,290,290"
"17499.0,290,290,290"
"18068.0,289,289,289"
"17171.0,289,289,289"
"18056.0,288,288,288"
"12945.0,288,288,288"
"13751.0,288,288,288"
"15543.0,288,288,288"
"13753.0,288,288,288"
"16072.0,288,288,288"
"16997.0,288,288,288"
"17117.0,288,288,288"
"12361.0,287,287,287"
"13973.0,287,287,287"
"13684.0,286,286,286"
"14036.0,285,285,285"
"15709.0,284,284,284"
"15319.0,284,284,284"
"12509.0,284,284,284"
"16339.0,284,284,284"
"16078.0,284,284,284"
"14046.0,284,284,284"
"17165.0,284,284,284"
"12866.0,283,283,283"
"13497.0,283,283,283"
"15456.0,283,283,283"
"15733.0,283,283,283"
"12834.0,283,283,283"
"17995.0,282,282,282"
"13166.0,282,282,282"
"12873.0,282,282,282"
"12565.0,282,282,282"
"16159.0,282,282,282"
"16792.0,282,282,282"
"15087.0,282,282,282"
"17923.0,282,282,282"
"12817.0,281,281,281"
"15257.0,281,281,281"
"13715.0,281,281,281"
"14779.0,281,281,281"
"17508.0,281,281,281"
"17789.0,281,281,281"
"13382.0,281,281,281"
"14570.0,281,281,281"
"17535.0,280,280,280"
"14670.0,280,280,280"
"17325.0,280,280,280"
"14247.0,278,278,278"
"14012.0,278,278,278"
"18280.0,278,278,278"
"15554.0,278,278,278"
"12614.0,278,278,278"
"15944.0,277,277,277"
"16517.0,277,277,277"
"17654.0,277,277,277"
"15234.0,277,277,277"
"16917.0,277,277,277"
"13345.0,277,277,277"
"16598.0,277,277,277"
"15869.0,277,277,277"
"14048.0,277,277,277"
"17639.0,276,276,276"
"12881.0,276,276,276"
"14165.0,276,276,276"
"17138.0,276,276,276"
"12623.0,276,276,276"
"16471.0,275,275,275"
"14603.0,275,275,275"
"13493.0,275,275,275"
"16625.0,275,275,275"
"15057.0,275,275,275"
"14114.0,274,274,274"
"17194.0,274,274,274"
"18086.0,274,274,274"
"15049.0,274,274,274"
"13133.0,274,274,274"
"14727.0,274,274,274"
"16766.0,273,273,273"
"13226.0,273,273,273"
"14350.0,271,271,271"
"14962.0,271,271,271"
"13708.0,271,271,271"
"15308.0,271,271,271"
"15047.0,270,270,270"
"15388.0,270,270,270"
"16037.0,270,270,270"
"16392.0,270,270,270"
"17542.0,270,270,270"
"13261.0,269,269,269"
"13358.0,269,269,269"
"13716.0,269,269,269"
"13121.0,269,269,269"
"16152.0,269,269,269"
"13299.0,268,268,268"
"13216.0,268,268,268"
"14840.0,268,268,268"
"13185.0,268,268,268"
"14059.0,267,267,267"
"16216.0,267,267,267"
"14081.0,267,267,267"
"16377.0,267,267,267"
"14066.0,267,267,267"
"15695.0,267,267,267"
"16716.0,267,267,267"
"13707.0,267,267,267"
"13072.0,267,267,267"
"16976.0,267,267,267"
"13093.0,267,267,267"
"12845.0,267,267,267"
"15019.0,267,267,267"
"12514.0,267,267,267"
"14041.0,266,266,266"
"17060.0,266,266,266"
"14633.0,266,266,266"
"14155.0,266,266,266"
"14693.0,265,265,265"
"12902.0,265,265,265"
"16402.0,265,265,265"
"15703.0,265,265,265"
"15445.0,264,264,264"
"17678.0,264,264,264"
"18224.0,264,264,264"
"17230.0,264,264,264"
"14762.0,264,264,264"
"15408.0,264,264,264"
"13934.0,264,264,264"
"16096.0,264,264,264"
"16135.0,263,263,263"
"16427.0,263,263,263"
"14632.0,263,263,263"
"13262.0,263,263,263"
"17763.0,263,263,263"
"12831.0,262,262,262"
"15437.0,262,262,262"
"14870.0,262,262,262"
"15457.0,262,262,262"
"17102.0,262,262,262"
"18191.0,262,262,262"
"13132.0,262,262,262"
"17507.0,262,262,262"
"13239.0,262,262,262"
"16721.0,262,262,262"
"16250.0,261,261,261"
"13512.0,261,261,261"
"12811.0,261,261,261"
"17486.0,261,261,261"
"13341.0,261,261,261"
"12564.0,261,261,261"
"17698.0,261,261,261"
"15178.0,260,260,260"
"16022.0,260,260,260"
"14536.0,260,260,260"
"16769.0,260,260,260"
"16063.0,260,260,260"
"14348.0,260,260,260"
"13452.0,259,259,259"
"16256.0,258,258,258"
"18071.0,258,258,258"
"13357.0,257,257,257"
"18010.0,257,257,257"
"14476.0,257,257,257"
"15083.0,257,257,257"
"13368.0,257,257,257"
"12792.0,257,257,257"
"13649.0,257,257,257"
"16692.0,256,256,256"
"15032.0,256,256,256"
"15353.0,255,255,255"
"13803.0,255,255,255"
"17775.0,255,255,255"
"13439.0,255,255,255"
"16980.0,255,255,255"
"14890.0,254,254,254"
"13060.0,254,254,254"
"15424.0,254,254,254"
"15528.0,254,254,254"
"14479.0,254,254,254"
"15832.0,254,254,254"
"13043.0,254,254,254"
"16619.0,254,254,254"
"14256.0,254,254,254"
"14886.0,253,253,253"
"13626.0,253,253,253"
"17212.0,253,253,253"
"17701.0,253,253,253"
"17580.0,253,253,253"
"15894.0,253,253,253"
"13841.0,253,253,253"
"15589.0,253,253,253"
"14957.0,253,253,253"
"16162.0,252,252,252"
"15691.0,252,252,252"
"13781.0,251,251,251"
"12755.0,250,250,250"
"16142.0,250,250,250"
"13059.0,250,250,250"
"18185.0,249,249,249"
"16586.0,249,249,249"
"18108.0,249,249,249"
"16105.0,249,249,249"
"17956.0,249,249,249"
"15442.0,249,249,249"
"15917.0,248,248,248"
"14747.0,248,248,248"
"17492.0,248,248,248"
"17438.0,247,247,247"
"14220.0,247,247,247"
"16378.0,247,247,247"
"12580.0,247,247,247"
"17906.0,247,247,247"
"17140.0,247,247,247"
"16144.0,247,247,247"
"14964.0,247,247,247"
"13712.0,247,247,247"
"14465.0,247,247,247"
"16623.0,246,246,246"
"16643.0,246,246,246"
"15119.0,246,246,246"
"17035.0,246,246,246"
"13718.0,246,246,246"
"14981.0,246,246,246"
"16010.0,246,246,246"
"14924.0,246,246,246"
"13863.0,245,245,245"
"15775.0,245,245,245"
"13508.0,244,244,244"
"12447.0,243,243,243"
"13570.0,243,243,243"
"16552.0,243,243,243"
"13501.0,243,243,243"
"14616.0,243,243,243"
"17574.0,243,243,243"
"18129.0,243,243,243"
"17972.0,242,242,242"
"14669.0,242,242,242"
"15363.0,241,241,241"
"15777.0,241,241,241"
"16697.0,241,241,241"
"17278.0,241,241,241"
"13740.0,241,241,241"
"15109.0,241,241,241"
"13484.0,241,241,241"
"13221.0,240,240,240"
"16097.0,240,240,240"
"15139.0,240,240,240"
"12982.0,240,240,240"
"16957.0,239,239,239"
"14154.0,239,239,239"
"17142.0,239,239,239"
"14206.0,239,239,239"
"12639.0,239,239,239"
"15935.0,239,239,239"
"15212.0,239,239,239"
"17601.0,239,239,239"
"17362.0,239,239,239"
"14619.0,239,239,239"
"15230.0,239,239,239"
"12769.0,239,239,239"
"12582.0,239,239,239"
"13120.0,239,239,239"
"17367.0,238,238,238"
"15246.0,238,238,238"
"16193.0,237,237,237"
"17990.0,237,237,237"
"18213.0,237,237,237"
"16947.0,236,236,236"
"15973.0,236,236,236"
"12754.0,236,236,236"
"17582.0,236,236,236"
"13474.0,236,236,236"
"16617.0,236,236,236"
"17697.0,236,236,236"
"14532.0,236,236,236"
"14242.0,235,235,235"
"16217.0,235,235,235"
"18009.0,235,235,235"
"17746.0,235,235,235"
"14339.0,235,235,235"
"15749.0,235,235,235"
"14672.0,235,235,235"
"14326.0,235,235,235"
"15225.0,234,234,234"
"15717.0,234,234,234"
"17217.0,234,234,234"
"13101.0,234,234,234"
"14148.0,234,234,234"
"12733.0,234,234,234"
"12585.0,234,234,234"
"15517.0,233,233,233"
"17946.0,233,233,233"
"17120.0,233,233,233"
"15135.0,233,233,233"
"13485.0,233,233,233"
"12506.0,233,233,233"
"15655.0,233,233,233"
"14770.0,232,232,232"
"13482.0,232,232,232"
"16587.0,232,232,232"
"17718.0,232,232,232"
"12622.0,232,232,232"
"12354.0,232,232,232"
"17670.0,228,228,228"
"17277.0,228,228,228"
"16834.0,228,228,228"
"17187.0,227,227,227"
"12573.0,227,227,227"
"16823.0,227,227,227"
"16965.0,227,227,227"
"14586.0,227,227,227"
"16698.0,227,227,227"
"15891.0,227,227,227"
"13229.0,226,226,226"
"15143.0,226,226,226"
"14271.0,226,226,226"
"15223.0,226,226,226"
"16163.0,225,225,225"
"14022.0,225,225,225"
"17893.0,225,225,225"
"15210.0,225,225,225"
"17991.0,225,225,225"
"14311.0,225,225,225"
"14304.0,223,223,223"
"16634.0,223,223,223"
"17501.0,221,221,221"
"16055.0,221,221,221"
"17443.0,220,220,220"
"18220.0,220,220,220"
"16227.0,219,219,219"
"13731.0,219,219,219"
"15147.0,219,219,219"
"16990.0,219,219,219"
"13711.0,219,219,219"
"16109.0,219,219,219"
"16714.0,219,219,219"
"17374.0,219,219,219"
"16610.0,219,219,219"
"17394.0,219,219,219"
"14340.0,219,219,219"
"18239.0,219,219,219"
"17646.0,219,219,219"
"17174.0,218,218,218"
"18183.0,218,218,218"
"18227.0,218,218,218"
"14199.0,218,218,218"
"14423.0,218,218,218"
"14393.0,218,218,218"
"17849.0,218,218,218"
"14697.0,218,218,218"
"15668.0,218,218,218"
"15759.0,218,218,218"
"16319.0,218,218,218"
"16457.0,218,218,218"
"15235.0,218,218,218"
"15552.0,217,217,217"
"13723.0,217,217,217"
"12414.0,217,217,217"
"18078.0,217,217,217"
"17604.0,217,217,217"
"13561.0,216,216,216"
"13642.0,216,216,216"
"14161.0,216,216,216"
"16756.0,215,215,215"
"14353.0,215,215,215"
"15092.0,215,215,215"
"16306.0,214,214,214"
"12888.0,214,214,214"
"12355.0,214,214,214"
"18120.0,214,214,214"
"12821.0,214,214,214"
"17597.0,214,214,214"
"15381.0,214,214,214"
"14699.0,214,214,214"
"16297.0,213,213,213"
"16431.0,213,213,213"
"15063.0,213,213,213"
"15079.0,213,213,213"
"14920.0,213,213,213"
"14149.0,213,213,213"
"13990.0,213,213,213"
"13052.0,212,212,212"
"16244.0,212,212,212"
"15732.0,212,212,212"
"13837.0,212,212,212"
"14988.0,212,212,212"
"12976.0,212,212,212"
"13235.0,212,212,212"
"16943.0,212,212,212"
"14288.0,212,212,212"
"17889.0,212,212,212"
"12625.0,212,212,212"
"12770.0,211,211,211"
"13952.0,211,211,211"
"12857.0,211,211,211"
"18133.0,211,211,211"
"16006.0,211,211,211"
"17970.0,211,211,211"
"14873.0,210,210,210"
"14689.0,209,209,209"
"17263.0,208,208,208"
"15813.0,208,208,208"
"15333.0,208,208,208"
"14320.0,207,207,207"
"14489.0,207,207,207"
"14888.0,207,207,207"
"13976.0,207,207,207"
"17556.0,206,206,206"
"13572.0,206,206,206"
"12690.0,206,206,206"
"16116.0,206,206,206"
"18218.0,206,206,206"
"14000.0,206,206,206"
"17504.0,206,206,206"
"13531.0,205,205,205"
"17245.0,205,205,205"
"17871.0,205,205,205"
"12897.0,205,205,205"
"14896.0,205,205,205"
"14620.0,204,204,204"
"15648.0,204,204,204"
"13391.0,204,204,204"
"17455.0,204,204,204"
"13887.0,204,204,204"
"13762.0,204,204,204"
"12353.0,204,204,204"
"16226.0,203,203,203"
"13243.0,203,203,203"
"18048.0,203,203,203"
"13151.0,203,203,203"
"13227.0,202,202,202"
"14195.0,202,202,202"
"17176.0,202,202,202"
"15292.0,201,201,201"
"14647.0,201,201,201"
"17715.0,201,201,201"
"13339.0,201,201,201"
"15705.0,201,201,201"
"15724.0,201,201,201"
"18202.0,200,200,200"
"13223.0,200,200,200"
"14817.0,200,200,200"
"13737.0,200,200,200"
"14705.0,199,199,199"
"15314.0,199,199,199"
"15882.0,199,199,199"
"17955.0,199,199,199"
"17770.0,199,199,199"
"15042.0,199,199,199"
"12974.0,198,198,198"
"14985.0,198,198,198"
"16448.0,198,198,198"
"16356.0,198,198,198"
"14009.0,198,198,198"
"12547.0,198,198,198"
"15729.0,198,198,198"
"13479.0,198,198,198"
"14828.0,197,197,197"
"14280.0,197,197,197"
"13135.0,197,197,197"
"13659.0,197,197,197"
"16275.0,197,197,197"
"16838.0,197,197,197"
"14816.0,197,197,197"
"17550.0,197,197,197"
"16034.0,196,196,196"
"12999.0,196,196,196"
"16323.0,196,196,196"
"16889.0,195,195,195"
"17152.0,195,195,195"
"12426.0,195,195,195"
"16567.0,194,194,194"
"17051.0,194,194,194"
"15925.0,194,194,194"
"15897.0,194,194,194"
"13070.0,192,192,192"
"16483.0,192,192,192"
"18190.0,192,192,192"
"16810.0,192,192,192"
"17454.0,192,192,192"
"13398.0,192,192,192"
"12790.0,192,192,192"
"18231.0,192,192,192"
"13475.0,191,191,191"
"14740.0,191,191,191"
"14377.0,191,191,191"
"15918.0,191,191,191"
"16449.0,191,191,191"
"17578.0,191,191,191"
"17472.0,191,191,191"
"13062.0,191,191,191"
"16424.0,191,191,191"
"17375.0,190,190,190"
"16117.0,190,190,190"
"16529.0,190,190,190"
"15658.0,190,190,190"
"14453.0,190,190,190"
"13294.0,190,190,190"
"12590.0,190,190,190"
"12601.0,190,190,190"
"16230.0,190,190,190"
"16659.0,189,189,189"
"15405.0,189,189,189"
"16967.0,189,189,189"
"15508.0,189,189,189"
"13885.0,189,189,189"
"14682.0,188,188,188"
"14512.0,188,188,188"
"17708.0,188,188,188"
"16883.0,187,187,187"
"13682.0,187,187,187"
"16849.0,187,187,187"
"15852.0,187,187,187"
"16963.0,187,187,187"
"16520.0,186,186,186"
"12891.0,186,186,186"
"14867.0,186,186,186"
"12868.0,186,186,186"
"15386.0,186,186,186"
"14542.0,186,186,186"
"16611.0,186,186,186"
"16955.0,185,185,185"
"17854.0,185,185,185"
"14622.0,185,185,185"
"14625.0,185,185,185"
"17874.0,185,185,185"
"14375.0,185,185,185"
"17026.0,185,185,185"
"16763.0,185,185,185"
"17987.0,185,185,185"
"17409.0,185,185,185"
"17707.0,185,185,185"
"12383.0,185,185,185"
"13395.0,185,185,185"
"17124.0,185,185,185"
"16832.0,184,184,184"
"14241.0,184,184,184"
"12802.0,184,184,184"
"15780.0,184,184,184"
"13811.0,184,184,184"
"16614.0,183,183,183"
"13686.0,183,183,183"
"13533.0,183,183,183"
"13462.0,183,183,183"
"16113.0,183,183,183"
"13900.0,183,183,183"
"15609.0,183,183,183"
"17234.0,183,183,183"
"15098.0,182,182,182"
"14450.0,181,181,181"
"18281.0,181,181,181"
"14823.0,180,180,180"
"14573.0,180,180,180"
"12732.0,180,180,180"
"17795.0,180,180,180"
"17349.0,179,179,179"
"13663.0,179,179,179"
"15643.0,179,179,179"
"13080.0,179,179,179"
"15069.0,179,179,179"
"13476.0,179,179,179"
"14231.0,179,179,179"
"12818.0,178,178,178"
"17179.0,178,178,178"
"16461.0,178,178,178"
"15574.0,178,178,178"
"16644.0,178,178,178"
"17749.0,178,178,178"
"15912.0,178,178,178"
"18165.0,177,177,177"
"17536.0,177,177,177"
"15585.0,177,177,177"
"14222.0,177,177,177"
"16257.0,177,177,177"
"17446.0,177,177,177"
"16276.0,177,177,177"
"15219.0,176,176,176"
"14245.0,176,176,176"
"18168.0,176,176,176"
"13951.0,176,176,176"
"14037.0,176,176,176"
"14491.0,175,175,175"
"17616.0,174,174,174"
"16050.0,174,174,174"
"13618.0,174,174,174"
"13005.0,174,174,174"
"17879.0,174,174,174"
"16805.0,174,174,174"
"14162.0,174,174,174"
"16484.0,174,174,174"
"15909.0,174,174,174"
"15535.0,173,173,173"
"13568.0,173,173,173"
"15921.0,173,173,173"
"15016.0,173,173,173"
"18260.0,173,173,173"
"15076.0,173,173,173"
"13343.0,173,173,173"
"17897.0,173,173,173"
"12837.0,173,173,173"
"18062.0,173,173,173"
"16526.0,172,172,172"
"16320.0,172,172,172"
"15389.0,172,172,172"
"15700.0,172,172,172"
"15507.0,172,172,172"
"15280.0,172,172,172"
"16739.0,172,172,172"
"15825.0,172,172,172"
"16214.0,171,171,171"
"15412.0,171,171,171"
"16114.0,171,171,171"
"13936.0,171,171,171"
"17960.0,171,171,171"
"16247.0,170,170,170"
"16287.0,170,170,170"
"14998.0,170,170,170"
"17877.0,170,170,170"
"15130.0,170,170,170"
"15384.0,170,170,170"
"17630.0,170,170,170"
"17709.0,170,170,170"
"15041.0,170,170,170"
"16647.0,170,170,170"
"14643.0,170,170,170"
"14656.0,169,169,169"
"15379.0,169,169,169"
"17204.0,169,169,169"
"13937.0,169,169,169"
"15258.0,169,169,169"
"17704.0,169,169,169"
"14584.0,169,169,169"
"13856.0,169,169,169"
"13929.0,169,169,169"
"12809.0,168,168,168"
"15665.0,168,168,168"
"15104.0,167,167,167"
"12548.0,166,166,166"
"14795.0,166,166,166"
"12493.0,166,166,166"
"17969.0,166,166,166"
"17980.0,166,166,166"
"15644.0,166,166,166"
"13453.0,166,166,166"
"13656.0,165,165,165"
"15976.0,165,165,165"
"16473.0,165,165,165"
"14481.0,165,165,165"
"14351.0,165,165,165"
"15146.0,165,165,165"
"17110.0,165,165,165"
"16545.0,165,165,165"
"17900.0,165,165,165"
"13300.0,165,165,165"
"17391.0,164,164,164"
"17408.0,163,163,163"
"15537.0,163,163,163"
"14327.0,163,163,163"
"16801.0,163,163,163"
"16553.0,163,163,163"
"12424.0,163,163,163"
"17123.0,162,162,162"
"15578.0,162,162,162"
"17891.0,162,162,162"
"14803.0,162,162,162"
"17505.0,162,162,162"
"15483.0,161,161,161"
"12922.0,161,161,161"
"16498.0,161,161,161"
"17939.0,160,160,160"
"17105.0,159,159,159"
"17899.0,159,159,159"
"17781.0,159,159,159"
"15007.0,159,159,159"
"13833.0,159,159,159"
"17765.0,159,159,159"
"17464.0,158,158,158"
"16344.0,158,158,158"
"13826.0,158,158,158"
"15646.0,158,158,158"
"15349.0,158,158,158"
"14338.0,158,158,158"
"13085.0,158,158,158"
"15334.0,157,157,157"
"16338.0,157,157,157"
"14352.0,157,157,157"
"16829.0,157,157,157"
"13253.0,157,157,157"
"17046.0,157,157,157"
"18203.0,157,157,157"
"14645.0,157,157,157"
"17341.0,157,157,157"
"15889.0,157,157,157"
"16146.0,157,157,157"
"12980.0,156,156,156"
"13291.0,156,156,156"
"12977.0,156,156,156"
"13583.0,156,156,156"
"16919.0,156,156,156"
"12450.0,156,156,156"
"15512.0,156,156,156"
"14264.0,155,155,155"
"13699.0,155,155,155"
"13302.0,155,155,155"
"12648.0,155,155,155"
"16091.0,155,155,155"
"16581.0,155,155,155"
"14104.0,155,155,155"
"14459.0,155,155,155"
"14021.0,155,155,155"
"18013.0,155,155,155"
"15182.0,154,154,154"
"13955.0,154,154,154"
"18037.0,154,154,154"
"15920.0,154,154,154"
"14905.0,154,154,154"
"14016.0,154,154,154"
"13338.0,154,154,154"
"17787.0,153,153,153"
"18024.0,153,153,153"
"13678.0,152,152,152"
"14552.0,152,152,152"
"13754.0,152,152,152"
"17126.0,152,152,152"
"15045.0,152,152,152"
"15577.0,151,151,151"
"14548.0,151,151,151"
"12669.0,151,151,151"
"12717.0,151,151,151"
"17337.0,151,151,151"
"18142.0,151,151,151"
"13675.0,151,151,151"
"18193.0,151,151,151"
"14267.0,151,151,151"
"15265.0,151,151,151"
"13745.0,151,151,151"
"15795.0,150,150,150"
"15895.0,150,150,150"
"16450.0,150,150,150"
"14483.0,150,150,150"
"16998.0,150,150,150"
"15256.0,149,149,149"
"18121.0,149,149,149"
"15402.0,149,149,149"
"13667.0,149,149,149"
"14847.0,149,149,149"
"12915.0,149,149,149"
"12405.0,149,149,149"
"12653.0,149,149,149"
"14461.0,148,148,148"
"17444.0,148,148,148"
"14891.0,148,148,148"
"17440.0,148,148,148"
"12815.0,148,148,148"
"17259.0,148,148,148"
"17948.0,147,147,147"
"14958.0,147,147,147"
"15004.0,147,147,147"
"14722.0,147,147,147"
"13967.0,146,146,146"
"15716.0,146,146,146"
"12833.0,145,145,145"
"14758.0,145,145,145"
"13821.0,145,145,145"
"16054.0,145,145,145"
"17984.0,145,145,145"
"16398.0,145,145,145"
"14117.0,144,144,144"
"12947.0,144,144,144"
"12840.0,144,144,144"
"13564.0,144,144,144"
"16807.0,143,143,143"
"12468.0,143,143,143"
"12875.0,143,143,143"
"16112.0,143,143,143"
"12510.0,143,143,143"
"17866.0,143,143,143"
"12521.0,143,143,143"
"15713.0,143,143,143"
"17694.0,142,142,142"
"14259.0,142,142,142"
"15108.0,142,142,142"
"17962.0,142,142,142"
"14400.0,141,141,141"
"15623.0,141,141,141"
"17660.0,141,141,141"
"16866.0,141,141,141"
"16654.0,141,141,141"
"18146.0,141,141,141"
"18262.0,140,140,140"
"15704.0,140,140,140"
"16948.0,139,139,139"
"16305.0,139,139,139"
"17312.0,139,139,139"
"17265.0,139,139,139"
"12916.0,139,139,139"
"13802.0,138,138,138"
"14100.0,138,138,138"
"12763.0,138,138,138"
"17935.0,138,138,138"
"12864.0,138,138,138"
"17040.0,138,138,138"
"16178.0,138,138,138"
"13037.0,138,138,138"
"15855.0,137,137,137"
"15372.0,137,137,137"
"14692.0,137,137,137"
"13296.0,137,137,137"
"13194.0,136,136,136"
"13730.0,136,136,136"
"16447.0,136,136,136"
"17693.0,136,136,136"
"13492.0,136,136,136"
"15261.0,135,135,135"
"13420.0,135,135,135"
"17649.0,135,135,135"
"18151.0,135,135,135"
"16696.0,135,135,135"
"15746.0,134,134,134"
"12507.0,134,134,134"
"17931.0,134,134,134"
"16147.0,134,134,134"
"12453.0,134,134,134"
"12743.0,134,134,134"
"14002.0,134,134,134"
"15149.0,134,134,134"
"13414.0,134,134,134"
"15639.0,134,134,134"
"14143.0,134,134,134"
"15118.0,134,134,134"
"15245.0,134,134,134"
"15942.0,134,134,134"
"18064.0,133,133,133"
"17926.0,133,133,133"
"15776.0,133,133,133"
"17695.0,132,132,132"
"14885.0,132,132,132"
"12534.0,131,131,131"
"17941.0,131,131,131"
"15438.0,131,131,131"
"12942.0,131,131,131"
"12644.0,130,130,130"
"12378.0,130,130,130"
"17282.0,130,130,130"
"17615.0,130,130,130"
"15120.0,130,130,130"
"14133.0,130,130,130"
"17553.0,130,130,130"
"14403.0,130,130,130"
"13075.0,130,130,130"
"17353.0,129,129,129"
"17053.0,129,129,129"
"15374.0,129,129,129"
"13106.0,129,129,129"
"14076.0,129,129,129"
"17887.0,129,129,129"
"12750.0,129,129,129"
"16324.0,128,128,128"
"12917.0,128,128,128"
"12643.0,128,128,128"
"14972.0,128,128,128"
"15133.0,128,128,128"
"17514.0,128,128,128"
"16835.0,128,128,128"
"17692.0,127,127,127"
"15254.0,127,127,127"
"13402.0,127,127,127"
"14344.0,127,127,127"
"17723.0,127,127,127"
"14778.0,127,127,127"
"17267.0,127,127,127"
"13513.0,127,127,127"
"17457.0,127,127,127"
"16572.0,127,127,127"
"13218.0,127,127,127"
"18099.0,127,127,127"
"13082.0,126,126,126"
"17400.0,126,126,126"
"16174.0,126,126,126"
"13248.0,125,125,125"
"14079.0,125,125,125"
"14053.0,124,124,124"
"17331.0,124,124,124"
"14331.0,124,124,124"
"13752.0,124,124,124"
"13869.0,123,123,123"
"14127.0,123,123,123"
"17085.0,123,123,123"
"16788.0,123,123,123"
"15985.0,123,123,123"
"16951.0,123,123,123"
"13280.0,122,122,122"
"15247.0,122,122,122"
"14024.0,122,122,122"
"13162.0,122,122,122"
"13355.0,122,122,122"
"12929.0,122,122,122"
"17994.0,122,122,122"
"13217.0,122,122,122"
"14346.0,121,121,121"
"13388.0,121,121,121"
"17531.0,121,121,121"
"15581.0,121,121,121"
"17429.0,121,121,121"
"12693.0,121,121,121"
"13873.0,120,120,120"
"13645.0,120,120,120"
"17248.0,120,120,120"
"16317.0,120,120,120"
"17642.0,120,120,120"
"13722.0,120,120,120"
"15192.0,120,120,120"
"15689.0,120,120,120"
"13307.0,120,120,120"
"13888.0,120,120,120"
"16045.0,120,120,120"
"14406.0,119,119,119"
"17122.0,119,119,119"
"12399.0,119,119,119"
"14855.0,119,119,119"
"16292.0,117,117,117"
"15624.0,117,117,117"
"16272.0,117,117,117"
"12758.0,117,117,117"
"13621.0,117,117,117"
"13799.0,117,117,117"
"17252.0,117,117,117"
"18143.0,117,117,117"
"13116.0,117,117,117"
"17958.0,117,117,117"
"13720.0,117,117,117"
"15683.0,117,117,117"
"14006.0,116,116,116"
"15480.0,116,116,116"
"16927.0,116,116,116"
"16961.0,116,116,116"
"15002.0,116,116,116"
"16902.0,116,116,116"
"14918.0,116,116,116"
"15342.0,116,116,116"
"15768.0,116,116,116"
"15734.0,115,115,115"
"14323.0,115,115,115"
"17398.0,115,115,115"
"17048.0,115,115,115"
"12641.0,115,115,115"
"13655.0,114,114,114"
"18073.0,114,114,114"
"12688.0,114,114,114"
"15541.0,114,114,114"
"13027.0,114,114,114"
"16755.0,114,114,114"
"12729.0,114,114,114"
"18178.0,114,114,114"
"17070.0,114,114,114"
"18248.0,114,114,114"
"13273.0,113,113,113"
"14745.0,113,113,113"
"15472.0,113,113,113"
"16582.0,113,113,113"
"15396.0,113,113,113"
"17742.0,113,113,113"
"15797.0,113,113,113"
"12418.0,113,113,113"
"15232.0,113,113,113"
"16419.0,113,113,113"
"17045.0,113,113,113"
"14772.0,112,112,112"
"13242.0,112,112,112"
"12968.0,112,112,112"
"15938.0,112,112,112"
"14246.0,111,111,111"
"14566.0,111,111,111"
"17029.0,111,111,111"
"15313.0,110,110,110"
"14013.0,110,110,110"
"14224.0,110,110,110"
"14460.0,110,110,110"
"12363.0,110,110,110"
"12593.0,109,109,109"
"17083.0,109,109,109"
"14930.0,109,109,109"
"17585.0,109,109,109"
"16550.0,109,109,109"
"14364.0,109,109,109"
"14265.0,109,109,109"
"16952.0,109,109,109"
"14045.0,109,109,109"
"13933.0,109,109,109"
"13593.0,108,108,108"
"17268.0,108,108,108"
"18018.0,108,108,108"
"17242.0,108,108,108"
"13425.0,108,108,108"
"14523.0,108,108,108"
"13140.0,108,108,108"
"12853.0,108,108,108"
"16302.0,108,108,108"
"14301.0,108,108,108"
"15812.0,107,107,107"
"17134.0,107,107,107"
"16536.0,107,107,107"
"17256.0,107,107,107"
"14314.0,107,107,107"
"14973.0,107,107,107"
"16503.0,107,107,107"
"14407.0,107,107,107"
"16093.0,107,107,107"
"17869.0,107,107,107"
"14196.0,107,107,107"
"12649.0,107,107,107"
"14687.0,107,107,107"
"13000.0,107,107,107"
"15263.0,107,107,107"
"13411.0,107,107,107"
"16340.0,107,107,107"
"17844.0,107,107,107"
"15800.0,107,107,107"
"16429.0,106,106,106"
"18200.0,106,106,106"
"16859.0,106,106,106"
"17146.0,106,106,106"
"16641.0,106,106,106"
"12715.0,106,106,106"
"13003.0,106,106,106"
"12624.0,106,106,106"
"15663.0,106,106,106"
"14055.0,106,106,106"
"17189.0,106,106,106"
"15641.0,105,105,105"
"13489.0,105,105,105"
"15074.0,105,105,105"
"15325.0,104,104,104"
"15095.0,104,104,104"
"13301.0,104,104,104"
"14472.0,104,104,104"
"15569.0,104,104,104"
"16806.0,103,103,103"
"13778.0,103,103,103"
"16816.0,103,103,103"
"12814.0,102,102,102"
"14078.0,102,102,102"
"16083.0,101,101,101"
"15866.0,101,101,101"
"17298.0,101,101,101"
"14513.0,101,101,101"
"15596.0,101,101,101"
"16180.0,100,100,100"
"15260.0,100,100,100"
"17747.0,100,100,100"
"13631.0,100,100,100"
"15625.0,100,100,100"
"13466.0,100,100,100"
"17588.0,100,100,100"
"16780.0,100,100,100"
"12436.0,100,100,100"
"17320.0,100,100,100"
"13045.0,99,99,99"
"16092.0,99,99,99"
"15829.0,99,99,99"
"14436.0,99,99,99"
"16456.0,99,99,99"
"13376.0,99,99,99"
"13470.0,99,99,99"
"16808.0,99,99,99"
"13099.0,99,99,99"
"18027.0,99,99,99"
"14171.0,98,98,98"
"14463.0,98,98,98"
"18087.0,98,98,98"
"17774.0,97,97,97"
"12851.0,97,97,97"
"12710.0,97,97,97"
"16761.0,97,97,97"
"12502.0,96,96,96"
"13240.0,96,96,96"
"15364.0,96,96,96"
"17229.0,96,96,96"
"16551.0,96,96,96"
"14965.0,96,96,96"
"14565.0,96,96,96"
"17722.0,96,96,96"
"13548.0,96,96,96"
"13748.0,96,96,96"
"12816.0,96,96,96"
"13851.0,96,96,96"
"15307.0,96,96,96"
"12422.0,96,96,96"
"16820.0,96,96,96"
"17050.0,96,96,96"
"15491.0,95,95,95"
"17309.0,95,95,95"
"13158.0,95,95,95"
"16172.0,95,95,95"
"16400.0,95,95,95"
"13744.0,95,95,95"
"14208.0,95,95,95"
"17560.0,95,95,95"
"13192.0,95,95,95"
"18196.0,95,95,95"
"17339.0,94,94,94"
"15462.0,94,94,94"
"12461.0,94,94,94"
"13122.0,94,94,94"
"13130.0,94,94,94"
"15071.0,94,94,94"
"16175.0,94,94,94"
"13210.0,94,94,94"
"16828.0,93,93,93"
"13889.0,93,93,93"
"13330.0,93,93,93"
"15885.0,93,93,93"
"13244.0,93,93,93"
"15488.0,93,93,93"
"15653.0,93,93,93"
"18093.0,93,93,93"
"18222.0,93,93,93"
"16309.0,92,92,92"
"12592.0,92,92,92"
"13249.0,92,92,92"
"14414.0,92,92,92"
"15400.0,92,92,92"
"13848.0,92,92,92"
"12535.0,92,92,92"
"13441.0,92,92,92"
"14223.0,92,92,92"
"15198.0,92,92,92"
"16031.0,92,92,92"
"16027.0,92,92,92"
"15652.0,91,91,91"
"14210.0,91,91,91"
"16723.0,91,91,91"
"14628.0,91,91,91"
"15035.0,90,90,90"
"14837.0,90,90,90"
"16384.0,90,90,90"
"15939.0,90,90,90"
"12635.0,90,90,90"
"13124.0,90,90,90"
"13372.0,90,90,90"
"14212.0,90,90,90"
"15636.0,90,90,90"
"14307.0,89,89,89"
"18215.0,89,89,89"
"16209.0,89,89,89"
"16796.0,89,89,89"
"13611.0,89,89,89"
"18255.0,89,89,89"
"12965.0,89,89,89"
"15980.0,89,89,89"
"16141.0,88,88,88"
"12924.0,88,88,88"
"15673.0,88,88,88"
"16451.0,88,88,88"
"14500.0,88,88,88"
"15216.0,88,88,88"
"15996.0,88,88,88"
"12884.0,88,88,88"
"16475.0,88,88,88"
"14276.0,88,88,88"
"17919.0,88,88,88"
"13850.0,88,88,88"
"17433.0,88,88,88"
"16098.0,88,88,88"
"14660.0,87,87,87"
"14753.0,87,87,87"
"14163.0,87,87,87"
"18173.0,87,87,87"
"15343.0,87,87,87"
"17640.0,87,87,87"
"16959.0,87,87,87"
"12756.0,87,87,87"
"18251.0,87,87,87"
"16036.0,87,87,87"
"16229.0,87,87,87"
"16745.0,87,87,87"
"14915.0,86,86,86"
"13877.0,86,86,86"
"17347.0,86,86,86"
"17333.0,86,86,86"
"13931.0,86,86,86"
"13539.0,86,86,86"
"13662.0,86,86,86"
"16048.0,86,86,86"
"13518.0,86,86,86"
"17033.0,86,86,86"
"15466.0,85,85,85"
"13141.0,85,85,85"
"14894.0,85,85,85"
"12434.0,85,85,85"
"15417.0,85,85,85"
"17898.0,85,85,85"
"12513.0,85,85,85"
"17846.0,85,85,85"
"17786.0,85,85,85"
"12616.0,85,85,85"
"12722.0,85,85,85"
"17594.0,85,85,85"
"15205.0,85,85,85"
"15122.0,85,85,85"
"17047.0,85,85,85"
"14420.0,85,85,85"
"14105.0,85,85,85"
"14177.0,85,85,85"
"16108.0,85,85,85"
"16709.0,85,85,85"
"15410.0,84,84,84"
"15523.0,84,84,84"
"14124.0,84,84,84"
"15099.0,84,84,84"
"15975.0,84,84,84"
"12871.0,84,84,84"
"13563.0,84,84,84"
"15947.0,83,83,83"
"12497.0,82,82,82"
"12379.0,82,82,82"
"12527.0,82,82,82"
"18094.0,82,82,82"
"17802.0,82,82,82"
"13562.0,82,82,82"
"16080.0,82,82,82"
"13774.0,82,82,82"
"13067.0,82,82,82"
"18232.0,82,82,82"
"13325.0,82,82,82"
"13334.0,82,82,82"
"17058.0,82,82,82"
"16906.0,82,82,82"
"16370.0,82,82,82"
"15341.0,81,81,81"
"15675.0,81,81,81"
"16215.0,81,81,81"
"15764.0,81,81,81"
"16211.0,81,81,81"
"15504.0,81,81,81"
"18017.0,81,81,81"
"17628.0,81,81,81"
"13228.0,81,81,81"
"17848.0,81,81,81"
"14236.0,81,81,81"
"16527.0,81,81,81"
"16624.0,81,81,81"
"13375.0,81,81,81"
"12752.0,81,81,81"
"17415.0,80,80,80"
"17873.0,80,80,80"
"16584.0,80,80,80"
"12701.0,80,80,80"
"13908.0,80,80,80"
"12435.0,80,80,80"
"16777.0,80,80,80"
"15888.0,80,80,80"
"16928.0,80,80,80"
"13356.0,80,80,80"
"13038.0,80,80,80"
"15026.0,80,80,80"
"12390.0,80,80,80"
"12520.0,79,79,79"
"15433.0,79,79,79"
"17731.0,79,79,79"
"13959.0,79,79,79"
"13946.0,79,79,79"
"15603.0,79,79,79"
"16735.0,79,79,79"
"12854.0,79,79,79"
"15201.0,79,79,79"
"12604.0,79,79,79"
"15810.0,79,79,79"
"16627.0,79,79,79"
"17475.0,79,79,79"
"17460.0,79,79,79"
"13529.0,79,79,79"
"12409.0,79,79,79"
"12550.0,79,79,79"
"14887.0,79,79,79"
"14951.0,79,79,79"
"17027.0,79,79,79"
"16213.0,79,79,79"
"15744.0,78,78,78"
"13220.0,78,78,78"
"12609.0,78,78,78"
"15067.0,78,78,78"
"14038.0,78,78,78"
"18189.0,78,78,78"
"15075.0,78,78,78"
"17079.0,78,78,78"
"17311.0,78,78,78"
"13127.0,78,78,78"
"17388.0,78,78,78"
"12930.0,78,78,78"
"14854.0,78,78,78"
"12516.0,78,78,78"
"16978.0,78,78,78"
"16984.0,78,78,78"
"12995.0,78,78,78"
"13486.0,78,78,78"
"17037.0,78,78,78"
"12739.0,78,78,78"
"16715.0,78,78,78"
"16236.0,78,78,78"
"12425.0,78,78,78"
"15475.0,77,77,77"
"14652.0,77,77,77"
"16485.0,77,77,77"
"15978.0,77,77,77"
"16872.0,77,77,77"
"15549.0,77,77,77"
"14014.0,77,77,77"
"13336.0,77,77,77"
"14880.0,77,77,77"
"17498.0,76,76,76"
"14561.0,76,76,76"
"13787.0,76,76,76"
"16689.0,76,76,76"
"16480.0,76,76,76"
"15799.0,76,76,76"
"16594.0,75,75,75"
"12348.0,75,75,75"
"14152.0,75,75,75"
"13390.0,75,75,75"
"16603.0,75,75,75"
"15366.0,75,75,75"
"13927.0,75,75,75"
"12412.0,75,75,75"
"17154.0,75,75,75"
"15626.0,75,75,75"
"15312.0,75,75,75"
"18155.0,75,75,75"
"16383.0,75,75,75"
"14806.0,75,75,75"
"17172.0,75,75,75"
"18066.0,75,75,75"
"14757.0,75,75,75"
"16342.0,75,75,75"
"12545.0,75,75,75"
"16198.0,75,75,75"
"13670.0,75,75,75"
"12823.0,75,75,75"
"16629.0,74,74,74"
"17788.0,74,74,74"
"13434.0,74,74,74"
"12987.0,74,74,74"
"15154.0,74,74,74"
"13405.0,74,74,74"
"16573.0,74,74,74"
"18278.0,74,74,74"
"13514.0,74,74,74"
"14908.0,74,74,74"
"16266.0,74,74,74"
"14272.0,74,74,74"
"14101.0,74,74,74"
"17480.0,74,74,74"
"17061.0,74,74,74"
"17805.0,74,74,74"
"14473.0,74,74,74"
"17997.0,74,74,74"
"13639.0,74,74,74"
"13866.0,74,74,74"
"15958.0,74,74,74"
"15243.0,74,74,74"
"17674.0,74,74,74"
"16778.0,74,74,74"
"16468.0,74,74,74"
"13233.0,74,74,74"
"13555.0,74,74,74"
"14818.0,74,74,74"
"17591.0,73,73,73"
"14934.0,73,73,73"
"15674.0,73,73,73"
"13979.0,73,73,73"
"13016.0,73,73,73"
"12455.0,73,73,73"
"16681.0,73,73,73"
"16493.0,73,73,73"
"13134.0,73,73,73"
"16181.0,73,73,73"
"16122.0,73,73,73"
"12579.0,73,73,73"
"12566.0,73,73,73"
"17370.0,73,73,73"
"17002.0,73,73,73"
"17656.0,73,73,73"
"13515.0,73,73,73"
"15827.0,73,73,73"
"13397.0,73,73,73"
"14475.0,72,72,72"
"17513.0,72,72,72"
"15175.0,72,72,72"
"13741.0,72,72,72"
"17950.0,72,72,72"
"16650.0,72,72,72"
"13901.0,72,72,72"
"17894.0,72,72,72"
"17427.0,72,72,72"
"15348.0,72,72,72"
"18192.0,72,72,72"
"18242.0,72,72,72"
"16182.0,72,72,72"
"13061.0,72,72,72"
"16281.0,72,72,72"
"12372.0,72,72,72"
"14609.0,72,72,72"
"13321.0,72,72,72"
"15030.0,72,72,72"
"12393.0,72,72,72"
"15036.0,72,72,72"
"18265.0,72,72,72"
"14947.0,72,72,72"
"17783.0,72,72,72"
"16321.0,72,72,72"
"14978.0,72,72,72"
"17819.0,72,72,72"
"18235.0,72,72,72"
"13354.0,71,71,71"
"14305.0,71,71,71"
"18204.0,71,71,71"
"13095.0,71,71,71"
"14916.0,71,71,71"
"13764.0,71,71,71"
"12718.0,71,71,71"
"12728.0,71,71,71"
"15593.0,71,71,71"
"14164.0,71,71,71"
"17905.0,71,71,71"
"14409.0,71,71,71"
"17572.0,71,71,71"
"15062.0,71,71,71"
"16233.0,71,71,71"
"13886.0,71,71,71"
"12822.0,71,71,71"
"16589.0,71,71,71"
"13092.0,71,71,71"
"12458.0,71,71,71"
"16268.0,71,71,71"
"14681.0,71,71,71"
"13503.0,71,71,71"
"16574.0,71,71,71"
"13972.0,71,71,71"
"17376.0,71,71,71"
"15185.0,70,70,70"
"13320.0,70,70,70"
"15834.0,70,70,70"
"17506.0,70,70,70"
"16404.0,70,70,70"
"18008.0,70,70,70"
"12842.0,70,70,70"
"16613.0,70,70,70"
"12694.0,70,70,70"
"13347.0,70,70,70"
"16591.0,69,69,69"
"16693.0,69,69,69"
"15164.0,69,69,69"
"15774.0,69,69,69"
"15579.0,69,69,69"
"16774.0,68,68,68"
"18116.0,68,68,68"
"16667.0,68,68,68"
"14193.0,68,68,68"
"13505.0,68,68,68"
"14970.0,68,68,68"
"13635.0,68,68,68"
"13344.0,68,68,68"
"12886.0,68,68,68"
"12413.0,67,67,67"
"13431.0,67,67,67"
"15241.0,67,67,67"
"13801.0,67,67,67"
"16556.0,67,67,67"
"12637.0,67,67,67"
"14184.0,67,67,67"
"14651.0,67,67,67"
"16881.0,67,67,67"
"15299.0,67,67,67"
"16882.0,67,67,67"
"16441.0,67,67,67"
"16183.0,67,67,67"
"15930.0,67,67,67"
"15255.0,67,67,67"
"18053.0,66,66,66"
"15181.0,66,66,66"
"12512.0,66,66,66"
"13483.0,66,66,66"
"15127.0,66,66,66"
"12843.0,66,66,66"
"16374.0,66,66,66"
"13351.0,66,66,66"
"15739.0,66,66,66"
"13552.0,66,66,66"
"15730.0,66,66,66"
"15757.0,66,66,66"
"15228.0,66,66,66"
"15339.0,66,66,66"
"15276.0,66,66,66"
"17667.0,66,66,66"
"17957.0,66,66,66"
"13792.0,66,66,66"
"13989.0,66,66,66"
"16106.0,66,66,66"
"16059.0,66,66,66"
"17647.0,65,65,65"
"17222.0,65,65,65"
"16040.0,65,65,65"
"18033.0,65,65,65"
"14538.0,65,65,65"
"13845.0,65,65,65"
"16895.0,65,65,65"
"13947.0,65,65,65"
"15048.0,65,65,65"
"14317.0,65,65,65"
"14396.0,65,65,65"
"13602.0,65,65,65"
"15416.0,65,65,65"
"17483.0,65,65,65"
"16758.0,65,65,65"
"13177.0,65,65,65"
"13591.0,65,65,65"
"17382.0,65,65,65"
"16803.0,65,65,65"
"12789.0,65,65,65"
"14054.0,65,65,65"
"15762.0,65,65,65"
"15244.0,65,65,65"
"15837.0,65,65,65"
"12703.0,64,64,64"
"18194.0,64,64,64"
"14462.0,64,64,64"
"16160.0,64,64,64"
"14067.0,64,64,64"
"17921.0,64,64,64"
"13348.0,64,64,64"
"15815.0,64,64,64"
"13317.0,64,64,64"
"15300.0,64,64,64"
"12420.0,64,64,64"
"14518.0,64,64,64"
"16184.0,64,64,64"
"15841.0,64,64,64"
"13419.0,64,64,64"
"12394.0,64,64,64"
"13049.0,64,64,64"
"14501.0,64,64,64"
"15322.0,64,64,64"
"13055.0,64,64,64"
"16316.0,64,64,64"
"14333.0,64,64,64"
"13504.0,64,64,64"
"15315.0,64,64,64"
"13169.0,64,64,64"
"13023.0,64,64,64"
"17030.0,64,64,64"
"15306.0,64,64,64"
"15518.0,64,64,64"
"16432.0,64,64,64"
"16477.0,64,64,64"
"16462.0,64,64,64"
"12740.0,64,64,64"
"16875.0,64,64,64"
"13276.0,64,64,64"
"14819.0,64,64,64"
"13279.0,64,64,64"
"12923.0,64,64,64"
"12519.0,64,64,64"
"15766.0,64,64,64"
"15937.0,64,64,64"
"16842.0,64,64,64"
"14844.0,64,64,64"
"16909.0,64,64,64"
"13806.0,64,64,64"
"15264.0,64,64,64"
"16455.0,64,64,64"
"13876.0,64,64,64"
"13771.0,64,64,64"
"12939.0,64,64,64"
"12885.0,63,63,63"
"14029.0,63,63,63"
"13689.0,63,63,63"
"16354.0,63,63,63"
"13763.0,63,63,63"
"15874.0,63,63,63"
"18136.0,63,63,63"
"12492.0,63,63,63"
"13259.0,62,62,62"
"16104.0,62,62,62"
"16248.0,62,62,62"
"18169.0,61,61,61"
"17648.0,61,61,61"
"15756.0,61,61,61"
"15193.0,61,61,61"
"14801.0,61,61,61"
"14027.0,61,61,61"
"16982.0,61,61,61"
"16179.0,61,61,61"
"16595.0,61,61,61"
"14665.0,61,61,61"
"18126.0,61,61,61"
"13260.0,61,61,61"
"18088.0,61,61,61"
"13373.0,61,61,61"
"14128.0,61,61,61"
"16518.0,61,61,61"
"16921.0,61,61,61"
"13193.0,61,61,61"
"14514.0,61,61,61"
"16685.0,61,61,61"
"16380.0,61,61,61"
"15304.0,61,61,61"
"17025.0,61,61,61"
"16395.0,61,61,61"
"13473.0,61,61,61"
"17284.0,60,60,60"
"12772.0,60,60,60"
"15706.0,60,60,60"
"14529.0,60,60,60"
"15886.0,60,60,60"
"13224.0,60,60,60"
"15553.0,60,60,60"
"16776.0,60,60,60"
"13980.0,60,60,60"
"17620.0,60,60,60"
"15211.0,60,60,60"
"14356.0,60,60,60"
"17589.0,60,60,60"
"13666.0,60,60,60"
"16136.0,60,60,60"
"12824.0,60,60,60"
"16861.0,60,60,60"
"17214.0,60,60,60"
"12530.0,60,60,60"
"13517.0,60,60,60"
"13283.0,60,60,60"
"15128.0,60,60,60"
"16385.0,60,60,60"
"14857.0,60,60,60"
"14201.0,60,60,60"
"14451.0,60,60,60"
"18171.0,59,59,59"
"17913.0,59,59,59"
"14541.0,59,59,59"
"16203.0,59,59,59"
"14535.0,59,59,59"
"13208.0,59,59,59"
"17863.0,59,59,59"
"17190.0,59,59,59"
"14642.0,59,59,59"
"16171.0,59,59,59"
"17064.0,59,59,59"
"14761.0,59,59,59"
"13690.0,59,59,59"
"15199.0,59,59,59"
"12908.0,59,59,59"
"13842.0,59,59,59"
"13627.0,59,59,59"
"17489.0,59,59,59"
"16086.0,59,59,59"
"15421.0,59,59,59"
"15281.0,59,59,59"
"13520.0,59,59,59"
"13359.0,59,59,59"
"16120.0,59,59,59"
"12836.0,59,59,59"
"12633.0,59,59,59"
"12602.0,59,59,59"
"14959.0,59,59,59"
"15840.0,59,59,59"
"12612.0,58,58,58"
"17509.0,58,58,58"
"12446.0,58,58,58"
"16753.0,58,58,58"
"13827.0,58,58,58"
"13464.0,58,58,58"
"13865.0,58,58,58"
"12607.0,58,58,58"
"16770.0,58,58,58"
"18277.0,58,58,58"
"12876.0,58,58,58"
"14775.0,58,58,58"
"15831.0,58,58,58"
"14852.0,58,58,58"
"12457.0,58,58,58"
"17279.0,58,58,58"
"12667.0,58,58,58"
"17724.0,58,58,58"
"13487.0,58,58,58"
"13035.0,58,58,58"
"14537.0,58,58,58"
"13930.0,58,58,58"
"15272.0,57,57,57"
"17771.0,57,57,57"
"15367.0,57,57,57"
"12631.0,57,57,57"
"15606.0,57,57,57"
"13213.0,57,57,57"
"17614.0,57,57,57"
"14421.0,57,57,57"
"18160.0,57,57,57"
"16773.0,57,57,57"
"14555.0,57,57,57"
"16224.0,57,57,57"
"14975.0,57,57,57"
"14976.0,57,57,57"
"13858.0,57,57,57"
"16239.0,57,57,57"
"14624.0,57,57,57"
"16430.0,57,57,57"
"13911.0,57,57,57"
"14089.0,57,57,57"
"16413.0,57,57,57"
"16121.0,57,57,57"
"16950.0,57,57,57"
"14937.0,57,57,57"
"16793.0,57,57,57"
"17181.0,57,57,57"
"13814.0,56,56,56"
"16081.0,56,56,56"
"17892.0,56,56,56"
"13006.0,56,56,56"
"17180.0,56,56,56"
"17986.0,56,56,56"
"13878.0,55,55,55"
"16674.0,55,55,55"
"16206.0,55,55,55"
"13034.0,55,55,55"
"15440.0,55,55,55"
"16934.0,55,55,55"
"15994.0,55,55,55"
"14780.0,55,55,55"
"17205.0,54,54,54"
"16563.0,54,54,54"
"18042.0,54,54,54"
"16542.0,54,54,54"
"17534.0,54,54,54"
"13750.0,54,54,54"
"16412.0,54,54,54"
"17734.0,54,54,54"
"15545.0,54,54,54"
"13923.0,54,54,54"
"16052.0,54,54,54"
"17520.0,54,54,54"
"13875.0,54,54,54"
"17201.0,54,54,54"
"14443.0,54,54,54"
"15091.0,54,54,54"
"13760.0,54,54,54"
"17527.0,54,54,54"
"12475.0,54,54,54"
"16652.0,54,54,54"
"15012.0,54,54,54"
"15335.0,54,54,54"
"16848.0,53,53,53"
"14015.0,53,53,53"
"17612.0,53,53,53"
"13015.0,53,53,53"
"15327.0,53,53,53"
"17679.0,53,53,53"
"14830.0,53,53,53"
"14841.0,53,53,53"
"16932.0,53,53,53"
"13594.0,53,53,53"
"17785.0,53,53,53"
"16737.0,53,53,53"
"12794.0,53,53,53"
"16249.0,53,53,53"
"17206.0,53,53,53"
"15637.0,53,53,53"
"16363.0,53,53,53"
"17244.0,53,53,53"
"16389.0,53,53,53"
"15505.0,53,53,53"
"12454.0,53,53,53"
"13265.0,53,53,53"
"14211.0,53,53,53"
"14798.0,53,53,53"
"16140.0,53,53,53"
"15678.0,53,53,53"
"13919.0,53,53,53"
"12744.0,52,52,52"
"12759.0,52,52,52"
"12863.0,52,52,52"
"15610.0,52,52,52"
"13637.0,52,52,52"
"15220.0,52,52,52"
"16734.0,52,52,52"
"16730.0,52,52,52"
"13805.0,52,52,52"
"15604.0,52,52,52"
"13849.0,52,52,52"
"16515.0,52,52,52"
"12611.0,52,52,52"
"12360.0,52,52,52"
"14381.0,52,52,52"
"17973.0,52,52,52"
"17262.0,52,52,52"
"17148.0,52,52,52"
"18019.0,52,52,52"
"17934.0,52,52,52"
"14229.0,52,52,52"
"16470.0,52,52,52"
"12679.0,52,52,52"
"14107.0,52,52,52"
"15140.0,52,52,52"
"16621.0,52,52,52"
"14861.0,52,52,52"
"15853.0,52,52,52"
"16940.0,52,52,52"
"13491.0,52,52,52"
"16131.0,52,52,52"
"14639.0,52,52,52"
"16123.0,52,52,52"
"16593.0,51,51,51"
"14631.0,51,51,51"
"12370.0,51,51,51"
"14306.0,51,51,51"
"14638.0,51,51,51"
"16260.0,51,51,51"
"14257.0,51,51,51"
"14273.0,51,51,51"
"14261.0,51,51,51"
"16170.0,51,51,51"
"14488.0,51,51,51"
"17764.0,51,51,51"
"14495.0,51,51,51"
"14175.0,51,51,51"
"17824.0,51,51,51"
"12596.0,51,51,51"
"15301.0,51,51,51"
"15754.0,51,51,51"
"13422.0,51,51,51"
"15006.0,51,51,51"
"16826.0,51,51,51"
"14923.0,51,51,51"
"17007.0,51,51,51"
"15826.0,51,51,51"
"17354.0,51,51,51"
"13669.0,51,51,51"
"14776.0,51,51,51"
"18149.0,51,51,51"
"15664.0,51,51,51"
"17462.0,51,51,51"
"15803.0,51,51,51"
"18252.0,51,51,51"
"13245.0,51,51,51"
"14799.0,51,51,51"
"15121.0,50,50,50"
"13573.0,50,50,50"
"15587.0,50,50,50"
"13519.0,50,50,50"
"16099.0,50,50,50"
"17420.0,50,50,50"
"14585.0,50,50,50"
"15129.0,50,50,50"
"17092.0,50,50,50"
"13918.0,50,50,50"
"18228.0,50,50,50"
"17832.0,50,50,50"
"15565.0,50,50,50"
"14427.0,50,50,50"
"17169.0,50,50,50"
"12403.0,50,50,50"
"12407.0,50,50,50"
"16394.0,50,50,50"
"15807.0,50,50,50"
"14484.0,50,50,50"
"13136.0,50,50,50"
"17125.0,50,50,50"
"13366.0,50,50,50"
"14967.0,50,50,50"
"16497.0,50,50,50"
"12556.0,50,50,50"
"16177.0,50,50,50"
"13917.0,50,50,50"
"16918.0,50,50,50"
"16153.0,50,50,50"
"15286.0,50,50,50"
"13761.0,50,50,50"
"16846.0,50,50,50"
"13725.0,50,50,50"
"13897.0,50,50,50"
"17571.0,50,50,50"
"15620.0,50,50,50"
"17940.0,49,49,49"
"15819.0,49,49,49"
"17361.0,49,49,49"
"15677.0,49,49,49"
"13974.0,49,49,49"
"15321.0,49,49,49"
"13157.0,49,49,49"
"14147.0,49,49,49"
"15740.0,49,49,49"
"15000.0,48,48,48"
"16768.0,48,48,48"
"14800.0,48,48,48"
"16007.0,48,48,48"
"17836.0,47,47,47"
"14019.0,47,47,47"
"17186.0,47,47,47"
"12546.0,47,47,47"
"14145.0,47,47,47"
"16491.0,47,47,47"
"14731.0,47,47,47"
"14312.0,47,47,47"
"14504.0,47,47,47"
"17111.0,47,47,47"
"16017.0,47,47,47"
"15592.0,47,47,47"
"16686.0,47,47,47"
"13598.0,47,47,47"
"15277.0,47,47,47"
"15142.0,46,46,46"
"15806.0,46,46,46"
"17004.0,46,46,46"
"13165.0,46,46,46"
"16708.0,46,46,46"
"17317.0,46,46,46"
"14139.0,46,46,46"
"13481.0,46,46,46"
"13176.0,46,46,46"
"18147.0,46,46,46"
"16444.0,46,46,46"
"14997.0,46,46,46"
"18240.0,46,46,46"
"14001.0,46,46,46"
"15801.0,46,46,46"
"13652.0,46,46,46"
"12463.0,46,46,46"
"12940.0,46,46,46"
"12398.0,46,46,46"
"16728.0,46,46,46"
"17344.0,46,46,46"
"15844.0,46,46,46"
"15068.0,46,46,46"
"16023.0,46,46,46"
"14952.0,46,46,46"
"15215.0,45,45,45"
"16110.0,45,45,45"
"17928.0,45,45,45"
"13601.0,45,45,45"
"15240.0,45,45,45"
"15516.0,45,45,45"
"16418.0,45,45,45"
"13340.0,45,45,45"
"13182.0,45,45,45"
"16258.0,45,45,45"
"15656.0,45,45,45"
"14754.0,45,45,45"
"12812.0,45,45,45"
"14341.0,45,45,45"
"12371.0,45,45,45"
"18045.0,45,45,45"
"17024.0,45,45,45"
"17917.0,45,45,45"
"16188.0,45,45,45"
"16208.0,45,45,45"
"16056.0,45,45,45"
"18079.0,45,45,45"
"12879.0,45,45,45"
"15836.0,45,45,45"
"15158.0,45,45,45"
"16750.0,45,45,45"
"17470.0,45,45,45"
"16071.0,45,45,45"
"16225.0,45,45,45"
"17423.0,45,45,45"
"15630.0,45,45,45"
"17712.0,45,45,45"
"17175.0,44,44,44"
"16325.0,44,44,44"
"15296.0,44,44,44"
"17414.0,44,44,44"
"15659.0,44,44,44"
"17684.0,44,44,44"
"15320.0,44,44,44"
"14379.0,44,44,44"
"14764.0,44,44,44"
"15791.0,44,44,44"
"14598.0,44,44,44"
"15786.0,44,44,44"
"15835.0,44,44,44"
"16345.0,44,44,44"
"14233.0,44,44,44"
"17672.0,44,44,44"
"14752.0,44,44,44"
"14690.0,44,44,44"
"13107.0,44,44,44"
"17895.0,44,44,44"
"15821.0,44,44,44"
"17878.0,44,44,44"
"15990.0,44,44,44"
"16690.0,44,44,44"
"12456.0,44,44,44"
"12448.0,44,44,44"
"16415.0,44,44,44"
"13416.0,44,44,44"
"16026.0,43,43,43"
"16680.0,43,43,43"
"16843.0,43,43,43"
"16847.0,43,43,43"
"17459.0,43,43,43"
"17552.0,43,43,43"
"15469.0,43,43,43"
"17669.0,43,43,43"
"17545.0,43,43,43"
"18287.0,43,43,43"
"14474.0,43,43,43"
"13654.0,43,43,43"
"13791.0,43,43,43"
"15096.0,43,43,43"
"12432.0,43,43,43"
"18261.0,43,43,43"
"14357.0,43,43,43"
"13538.0,43,43,43"
"14498.0,43,43,43"
"15288.0,43,43,43"
"15014.0,43,43,43"
"12430.0,43,43,43"
"14004.0,43,43,43"
"15038.0,43,43,43"
"14716.0,43,43,43"
"14239.0,43,43,43"
"14218.0,43,43,43"
"16102.0,42,42,42"
"17839.0,42,42,42"
"17272.0,42,42,42"
"12895.0,42,42,42"
"12678.0,42,42,42"
"14221.0,42,42,42"
"17837.0,42,42,42"
"17418.0,42,42,42"
"13812.0,42,42,42"
"15370.0,41,41,41"
"15865.0,41,41,41"
"14582.0,41,41,41"
"15059.0,41,41,41"
"15860.0,41,41,41"
"16235.0,41,41,41"
"13524.0,41,41,41"
"13278.0,41,41,41"
"15708.0,41,41,41"
"14077.0,41,41,41"
"16601.0,41,41,41"
"14810.0,41,41,41"
"17255.0,41,41,41"
"17372.0,41,41,41"
"14040.0,41,41,41"
"13566.0,41,41,41"
"17018.0,41,41,41"
"17609.0,41,41,41"
"14179.0,41,41,41"
"13617.0,40,40,40"
"13544.0,40,40,40"
"15376.0,40,40,40"
"18067.0,40,40,40"
"14808.0,40,40,40"
"15360.0,40,40,40"
"12581.0,40,40,40"
"12571.0,40,40,40"
"17447.0,40,40,40"
"15385.0,40,40,40"
"13607.0,40,40,40"
"13186.0,40,40,40"
"15669.0,40,40,40"
"15667.0,40,40,40"
"17951.0,40,40,40"
"12909.0,40,40,40"
"13103.0,40,40,40"
"14158.0,40,40,40"
"15752.0,40,40,40"
"13813.0,40,40,40"
"13145.0,40,40,40"
"16190.0,40,40,40"
"17373.0,40,40,40"
"13421.0,40,40,40"
"14295.0,40,40,40"
"15748.0,40,40,40"
"16836.0,40,40,40"
"15478.0,40,40,40"
"17796.0,40,40,40"
"17213.0,40,40,40"
"16049.0,40,40,40"
"13292.0,39,39,39"
"13032.0,39,39,39"
"12491.0,39,39,39"
"17166.0,39,39,39"
"13461.0,39,39,39"
"13327.0,39,39,39"
"18226.0,39,39,39"
"14995.0,39,39,39"
"15018.0,39,39,39"
"17396.0,39,39,39"
"16029.0,39,39,39"
"12522.0,39,39,39"
"13697.0,39,39,39"
"16648.0,39,39,39"
"14345.0,39,39,39"
"13982.0,39,39,39"
"14167.0,39,39,39"
"14485.0,39,39,39"
"17733.0,39,39,39"
"16150.0,39,39,39"
"13726.0,39,39,39"
"16825.0,39,39,39"
"16830.0,39,39,39"
"16969.0,39,39,39"
"16127.0,39,39,39"
"18257.0,39,39,39"
"14738.0,39,39,39"
"16960.0,39,39,39"
"12588.0,39,39,39"
"16018.0,39,39,39"
"15974.0,39,39,39"
"12552.0,39,39,39"
"15065.0,38,38,38"
"17696.0,38,38,38"
"12830.0,38,38,38"
"18105.0,38,38,38"
"15847.0,38,38,38"
"13477.0,38,38,38"
"17719.0,38,38,38"
"14383.0,38,38,38"
"16308.0,38,38,38"
"16884.0,38,38,38"
"17966.0,38,38,38"
"12594.0,38,38,38"
"16043.0,38,38,38"
"17965.0,38,38,38"
"18270.0,38,38,38"
"15576.0,38,38,38"
"15423.0,38,38,38"
"16841.0,37,37,37"
"16221.0,37,37,37"
"17999.0,37,37,37"
"16367.0,37,37,37"
"16337.0,37,37,37"
"13728.0,37,37,37"
"15551.0,37,37,37"
"13636.0,37,37,37"
"17800.0,37,37,37"
"15998.0,37,37,37"
"13316.0,37,37,37"
"14528.0,37,37,37"
"17816.0,37,37,37"
"15651.0,37,37,37"
"17947.0,37,37,37"
"18104.0,37,37,37"
"12808.0,37,37,37"
"14098.0,37,37,37"
"14974.0,37,37,37"
"15227.0,37,37,37"
"13904.0,37,37,37"
"14815.0,37,37,37"
"16706.0,37,37,37"
"13271.0,37,37,37"
"15252.0,36,36,36"
"17930.0,36,36,36"
"12944.0,36,36,36"
"12397.0,36,36,36"
"15605.0,36,36,36"
"13721.0,36,36,36"
"15722.0,36,36,36"
"18035.0,36,36,36"
"15521.0,36,36,36"
"17076.0,36,36,36"
"18022.0,36,36,36"
"14636.0,36,36,36"
"14856.0,36,36,36"
"17979.0,36,36,36"
"14150.0,36,36,36"
"17351.0,36,36,36"
"18081.0,36,36,36"
"13592.0,36,36,36"
"15010.0,36,36,36"
"15809.0,36,36,36"
"12576.0,36,36,36"
"17634.0,36,36,36"
"16014.0,36,36,36"
"16914.0,36,36,36"
"17403.0,36,36,36"
"16729.0,36,36,36"
"17078.0,36,36,36"
"13168.0,36,36,36"
"14913.0,36,36,36"
"12352.0,36,36,36"
"17193.0,36,36,36"
"15612.0,36,36,36"
"13925.0,36,36,36"
"18205.0,36,36,36"
"16409.0,36,36,36"
"17203.0,36,36,36"
"12431.0,36,36,36"
"16887.0,35,35,35"
"17703.0,35,35,35"
"14592.0,35,35,35"
"15598.0,35,35,35"
"17084.0,35,35,35"
"17274.0,35,35,35"
"13651.0,35,35,35"
"16012.0,35,35,35"
"16318.0,35,35,35"
"12577.0,35,35,35"
"16555.0,35,35,35"
"14971.0,35,35,35"
"15468.0,35,35,35"
"14842.0,35,35,35"
"17233.0,35,35,35"
"15345.0,35,35,35"
"15329.0,35,35,35"
"13938.0,35,35,35"
"14567.0,35,35,35"
"14412.0,35,35,35"
"15707.0,35,35,35"
"12928.0,35,35,35"
"13532.0,34,34,34"
"16676.0,34,34,34"
"16445.0,34,34,34"
"15952.0,34,34,34"
"16243.0,34,34,34"
"16466.0,34,34,34"
"12645.0,34,34,34"
"12838.0,34,34,34"
"13527.0,34,34,34"
"15407.0,34,34,34"
"14404.0,34,34,34"
"13772.0,34,34,34"
"15017.0,34,34,34"
"15719.0,33,33,33"
"12484.0,33,33,33"
"17831.0,33,33,33"
"17623.0,33,33,33"
"13097.0,33,33,33"
"13155.0,33,33,33"
"17761.0,33,33,33"
"16232.0,33,33,33"
"15025.0,33,33,33"
"16612.0,33,33,33"
"15696.0,33,33,33"
"14039.0,33,33,33"
"16372.0,33,33,33"
"16488.0,33,33,33"
"15427.0,33,33,33"
"17430.0,33,33,33"
"13523.0,33,33,33"
"12408.0,33,33,33"
"15870.0,33,33,33"
"14080.0,33,33,33"
"17608.0,33,33,33"
"18170.0,33,33,33"
"16357.0,33,33,33"
"15526.0,33,33,33"
"16771.0,33,33,33"
"15618.0,33,33,33"
"14387.0,33,33,33"
"17082.0,33,33,33"
"15522.0,33,33,33"
"15493.0,33,33,33"
"14517.0,33,33,33"
"12638.0,33,33,33"
"14174.0,33,33,33"
"13759.0,33,33,33"
"17107.0,33,33,33"
"12357.0,33,33,33"
"13824.0,33,33,33"
"13634.0,33,33,33"
"16053.0,33,33,33"
"17164.0,33,33,33"
"16253.0,32,32,32"
"13717.0,32,32,32"
"16362.0,32,32,32"
"15573.0,32,32,32"
"16187.0,32,32,32"
"16505.0,32,32,32"
"15330.0,32,32,32"
"16732.0,32,32,32"
"17886.0,32,32,32"
"14623.0,32,32,32"
"18016.0,32,32,32"
"12832.0,32,32,32"
"13710.0,32,32,32"
"14232.0,32,32,32"
"15957.0,32,32,32"
"13587.0,32,32,32"
"14050.0,32,32,32"
"16348.0,32,32,32"
"14524.0,32,32,32"
"13993.0,32,32,32"
"14700.0,32,32,32"
"17289.0,32,32,32"
"14360.0,32,32,32"
"18036.0,32,32,32"
"16637.0,32,32,32"
"14929.0,32,32,32"
"12721.0,32,32,32"
"15066.0,32,32,32"
"18150.0,32,32,32"
"13047.0,32,32,32"
"15763.0,32,32,32"
"13329.0,32,32,32"
"13324.0,32,32,32"
"17158.0,32,32,32"
"17219.0,32,32,32"
"17043.0,32,32,32"
"17964.0,32,32,32"
"15249.0,32,32,32"
"14284.0,31,31,31"
"17633.0,31,31,31"
"16767.0,31,31,31"
"16618.0,31,31,31"
"15513.0,31,31,31"
"13046.0,31,31,31"
"15275.0,31,31,31"
"13804.0,31,31,31"
"17022.0,31,31,31"
"17637.0,31,31,31"
"18216.0,31,31,31"
"12472.0,31,31,31"
"12949.0,31,31,31"
"14214.0,31,31,31"
"13695.0,31,31,31"
"15103.0,31,31,31"
"12613.0,31,31,31"
"17865.0,31,31,31"
"16837.0,31,31,31"
"15043.0,31,31,31"
"14676.0,31,31,31"
"14691.0,31,31,31"
"18164.0,31,31,31"
"16880.0,31,31,31"
"13643.0,31,31,31"
"16041.0,31,31,31"
"13623.0,31,31,31"
"12990.0,31,31,31"
"15027.0,31,31,31"
"13384.0,31,31,31"
"16205.0,31,31,31"
"15153.0,31,31,31"
"12893.0,31,31,31"
"13975.0,31,31,31"
"14108.0,31,31,31"
"13272.0,31,31,31"
"17515.0,31,31,31"
"13110.0,31,31,31"
"16602.0,31,31,31"
"15356.0,31,31,31"
"17160.0,31,31,31"
"13029.0,31,31,31"
"18177.0,31,31,31"
"16284.0,31,31,31"
"13867.0,31,31,31"
"16751.0,31,31,31"
"12849.0,31,31,31"
"16025.0,30,30,30"
"15485.0,30,30,30"
"13209.0,30,30,30"
"16628.0,30,30,30"
"13992.0,30,30,30"
"12981.0,30,30,30"
"17197.0,30,30,30"
"12708.0,30,30,30"
"17059.0,30,30,30"
"15785.0,30,30,30"
"16003.0,30,30,30"
"15986.0,30,30,30"
"15597.0,30,30,30"
"13983.0,30,30,30"
"17690.0,30,30,30"
"17791.0,30,30,30"
"17702.0,30,30,30"
"14240.0,30,30,30"
"16516.0,30,30,30"
"17537.0,30,30,30"
"18125.0,30,30,30"
"15450.0,30,30,30"
"12659.0,30,30,30"
"15452.0,30,30,30"
"15114.0,30,30,30"
"16218.0,30,30,30"
"18236.0,30,30,30"
"14921.0,30,30,30"
"12532.0,30,30,30"
"17867.0,30,30,30"
"17011.0,30,30,30"
"14944.0,30,30,30"
"17038.0,30,30,30"
"13522.0,30,30,30"
"16996.0,30,30,30"
"14968.0,30,30,30"
"16953.0,30,30,30"
"16986.0,30,30,30"
"17416.0,30,30,30"
"12541.0,30,30,30"
"12544.0,30,30,30"
"15463.0,29,29,29"
"13810.0,29,29,29"
"17512.0,29,29,29"
"12600.0,29,29,29"
"14662.0,29,29,29"
"13817.0,29,29,29"
"18217.0,29,29,29"
"12384.0,29,29,29"
"16863.0,29,29,29"
"15111.0,29,29,29"
"17109.0,29,29,29"
"18135.0,29,29,29"
"15355.0,29,29,29"
"16386.0,29,29,29"
"15184.0,29,29,29"
"14712.0,29,29,29"
"12617.0,29,29,29"
"16743.0,29,29,29"
"17162.0,29,29,29"
"16126.0,29,29,29"
"17932.0,29,29,29"
"12538.0,29,29,29"
"14466.0,29,29,29"
"15289.0,29,29,29"
"17977.0,29,29,29"
"13727.0,29,29,29"
"15830.0,29,29,29"
"18209.0,29,29,29"
"12473.0,29,29,29"
"13460.0,29,29,29"
"17442.0,29,29,29"
"14035.0,29,29,29"
"14829.0,29,29,29"
"17295.0,29,29,29"
"16791.0,29,29,29"
"14863.0,29,29,29"
"12599.0,29,29,29"
"12844.0,29,29,29"
"14226.0,29,29,29"
"12589.0,29,29,29"
"16907.0,29,29,29"
"17653.0,29,29,29"
"17901.0,29,29,29"
"14748.0,29,29,29"
"15557.0,29,29,29"
"13606.0,29,29,29"
"14064.0,29,29,29"
"13148.0,29,29,29"
"17015.0,29,29,29"
"16434.0,29,29,29"
"16903.0,29,29,29"
"14765.0,29,29,29"
"14789.0,29,29,29"
"17573.0,29,29,29"
"15238.0,29,29,29"
"12517.0,28,28,28"
"15492.0,28,28,28"
"16460.0,28,28,28"
"16671.0,28,28,28"
"13732.0,28,28,28"
"17191.0,28,28,28"
"17088.0,28,28,28"
"16332.0,28,28,28"
"16433.0,28,28,28"
"17054.0,28,28,28"
"15692.0,28,28,28"
"12685.0,28,28,28"
"15608.0,28,28,28"
"12691.0,28,28,28"
"17052.0,28,28,28"
"18014.0,28,28,28"
"12726.0,28,28,28"
"13557.0,28,28,28"
"12480.0,28,28,28"
"17069.0,28,28,28"
"15429.0,27,27,27"
"13892.0,27,27,27"
"14044.0,27,27,27"
"16416.0,27,27,27"
"17838.0,27,27,27"
"13170.0,27,27,27"
"14882.0,27,27,27"
"15599.0,27,27,27"
"14487.0,27,27,27"
"13450.0,27,27,27"
"17041.0,27,27,27"
"13984.0,27,27,27"
"17790.0,27,27,27"
"17211.0,27,27,27"
"14661.0,27,27,27"
"13549.0,26,26,26"
"14862.0,26,26,26"
"15411.0,26,26,26"
"18211.0,26,26,26"
"12508.0,26,26,26"
"16720.0,26,26,26"
"14494.0,26,26,26"
"16726.0,26,26,26"
"14499.0,26,26,26"
"14530.0,26,26,26"
"13379.0,26,26,26"
"17287.0,26,26,26"
"12938.0,26,26,26"
"16930.0,26,26,26"
"14227.0,26,26,26"
"18069.0,26,26,26"
"13603.0,26,26,26"
"14784.0,26,26,26"
"13700.0,26,26,26"
"16936.0,26,26,26"
"15449.0,26,26,26"
"13451.0,26,26,26"
"13146.0,26,26,26"
"15168.0,26,26,26"
"15291.0,26,26,26"
"12865.0,26,26,26"
"12867.0,26,26,26"
"14684.0,26,26,26"
"17720.0,26,26,26"
"12689.0,26,26,26"
"16898.0,26,26,26"
"14382.0,26,26,26"
"15365.0,26,26,26"
"15203.0,26,26,26"
"17538.0,26,26,26"
"16303.0,26,26,26"
"15787.0,26,26,26"
"18117.0,26,26,26"
"18082.0,26,26,26"
"13178.0,26,26,26"
"12428.0,26,26,26"
"15863.0,26,26,26"
"17663.0,26,26,26"
"17314.0,25,25,25"
"17510.0,25,25,25"
"13236.0,25,25,25"
"16519.0,25,25,25"
"18043.0,25,25,25"
"16639.0,25,25,25"
"15660.0,25,25,25"
"14953.0,25,25,25"
"16747.0,25,25,25"
"13835.0,25,25,25"
"16504.0,25,25,25"
"13846.0,25,25,25"
"15419.0,25,25,25"
"16423.0,25,25,25"
"16341.0,25,25,25"
"17652.0,25,25,25"
"12883.0,25,25,25"
"15458.0,25,25,25"
"15839.0,25,25,25"
"15582.0,25,25,25"
"12676.0,25,25,25"
"15125.0,25,25,25"
"16478.0,25,25,25"
"14715.0,25,25,25"
"16207.0,25,25,25"
"17081.0,25,25,25"
"12374.0,25,25,25"
"13058.0,25,25,25"
"15058.0,25,25,25"
"14725.0,25,25,25"
"15758.0,25,25,25"
"13632.0,25,25,25"
"18259.0,25,25,25"
"15532.0,25,25,25"
"17777.0,25,25,25"
"13577.0,25,25,25"
"15524.0,25,25,25"
"15050.0,25,25,25"
"15781.0,25,25,25"
"13692.0,25,25,25"
"13455.0,25,25,25"
"15981.0,25,25,25"
"14533.0,25,25,25"
"17793.0,25,25,25"
"12642.0,25,25,25"
"14680.0,25,25,25"
"17974.0,25,25,25"
"13735.0,25,25,25"
"17235.0,25,25,25"
"17680.0,24,24,24"
"18181.0,24,24,24"
"15955.0,24,24,24"
"12731.0,24,24,24"
"16855.0,24,24,24"
"17549.0,24,24,24"
"14286.0,24,24,24"
"14666.0,24,24,24"
"14714.0,24,24,24"
"13614.0,24,24,24"
"17153.0,24,24,24"
"15900.0,24,24,24"
"12890.0,24,24,24"
"15269.0,24,24,24"
"15679.0,24,24,24"
"16669.0,24,24,24"
"12415.0,24,24,24"
"17564.0,24,24,24"
"15584.0,24,24,24"
"18246.0,24,24,24"
"16008.0,24,24,24"
"17377.0,24,24,24"
"16916.0,24,24,24"
"14544.0,24,24,24"
"15720.0,24,24,24"
"17198.0,24,24,24"
"15556.0,24,24,24"
"12933.0,24,24,24"
"16557.0,24,24,24"
"14507.0,24,24,24"
"14057.0,24,24,24"
"13449.0,24,24,24"
"16469.0,24,24,24"
"14522.0,24,24,24"
"13816.0,24,24,24"
"15110.0,24,24,24"
"12640.0,24,24,24"
"16245.0,24,24,24"
"17220.0,24,24,24"
"17521.0,24,24,24"
"13066.0,24,24,24"
"18123.0,24,24,24"
"17357.0,24,24,24"
"12481.0,23,23,23"
"16085.0,23,23,23"
"15529.0,23,23,23"
"18075.0,23,23,23"
"16999.0,23,23,23"
"16912.0,23,23,23"
"12567.0,23,23,23"
"12712.0,23,23,23"
"13500.0,23,23,23"
"15967.0,23,23,23"
"15805.0,23,23,23"
"14898.0,23,23,23"
"15657.0,23,23,23"
"13575.0,23,23,23"
"13629.0,23,23,23"
"16638.0,23,23,23"
"15489.0,23,23,23"
"13285.0,23,23,23"
"16869.0,23,23,23"
"13131.0,23,23,23"
"17596.0,23,23,23"
"13308.0,23,23,23"
"17461.0,23,23,23"
"14332.0,23,23,23"
"12500.0,23,23,23"
"17896.0,23,23,23"
"13447.0,23,23,23"
"14109.0,23,23,23"
"12991.0,23,23,23"
"18006.0,23,23,23"
"17368.0,23,23,23"
"16278.0,23,23,23"
"12356.0,23,23,23"
"15124.0,23,23,23"
"14948.0,23,23,23"
"15051.0,23,23,23"
"15506.0,23,23,23"
"16298.0,23,23,23"
"18263.0,23,23,23"
"13926.0,23,23,23"
"13939.0,23,23,23"
"16804.0,23,23,23"
"17330.0,23,23,23"
"16809.0,23,23,23"
"14851.0,23,23,23"
"13028.0,23,23,23"
"14112.0,23,23,23"
"13871.0,23,23,23"
"17147.0,23,23,23"
"16204.0,23,23,23"
"12626.0,23,23,23"
"17613.0,23,23,23"
"12477.0,23,23,23"
"15432.0,23,23,23"
"12910.0,23,23,23"
"12993.0,23,23,23"
"12610.0,23,23,23"
"16186.0,23,23,23"
"17716.0,23,23,23"
"15287.0,22,22,22"
"12406.0,22,22,22"
"14849.0,22,22,22"
"14593.0,22,22,22"
"16042.0,22,22,22"
"12380.0,22,22,22"
"14362.0,22,22,22"
"17760.0,22,22,22"
"15081.0,22,22,22"
"13815.0,22,22,22"
"12647.0,22,22,22"
"13396.0,22,22,22"
"16511.0,22,22,22"
"17095.0,22,22,22"
"14508.0,22,22,22"
"12391.0,22,22,22"
"13828.0,22,22,22"
"16531.0,22,22,22"
"18034.0,22,22,22"
"12931.0,22,22,22"
"16009.0,22,22,22"
"12539.0,22,22,22"
"14234.0,22,22,22"
"17985.0,22,22,22"
"15267.0,22,22,22"
"12997.0,22,22,22"
"14434.0,22,22,22"
"12445.0,22,22,22"
"16871.0,22,22,22"
"18221.0,22,22,22"
"12618.0,22,22,22"
"13117.0,22,22,22"
"13160.0,22,22,22"
"16656.0,22,22,22"
"13941.0,22,22,22"
"14641.0,22,22,22"
"17799.0,22,22,22"
"17797.0,22,22,22"
"13313.0,22,22,22"
"17163.0,22,22,22"
"15530.0,22,22,22"
"12603.0,22,22,22"
"15435.0,22,22,22"
"16414.0,22,22,22"
"17080.0,22,22,22"
"16945.0,22,22,22"
"13894.0,22,22,22"
"13138.0,22,22,22"
"17397.0,22,22,22"
"13962.0,22,22,22"
"14034.0,22,22,22"
"15864.0,22,22,22"
"12847.0,22,22,22"
"17286.0,22,22,22"
"18061.0,22,22,22"
"17159.0,22,22,22"
"14416.0,22,22,22"
"16134.0,22,22,22"
"12449.0,22,22,22"
"16070.0,22,22,22"
"15983.0,22,22,22"
"12779.0,21,21,21"
"12781.0,21,21,21"
"14073.0,21,21,21"
"16560.0,21,21,21"
"12697.0,21,21,21"
"17650.0,21,21,21"
"14820.0,21,21,21"
"14902.0,21,21,21"
"14903.0,21,21,21"
"13516.0,21,21,21"
"12498.0,21,21,21"
"17904.0,21,21,21"
"18276.0,21,21,21"
"15088.0,21,21,21"
"13381.0,21,21,21"
"12444.0,21,21,21"
"13091.0,21,21,21"
"13094.0,21,21,21"
"17961.0,21,21,21"
"15368.0,21,21,21"
"17301.0,21,21,21"
"15494.0,21,21,21"
"16463.0,21,21,21"
"15933.0,21,21,21"
"16924.0,21,21,21"
"13895.0,21,21,21"
"14285.0,21,21,21"
"14315.0,21,21,21"
"14342.0,21,21,21"
"12578.0,21,21,21"
"13960.0,21,21,21"
"16350.0,21,21,21"
"16279.0,21,21,21"
"13880.0,21,21,21"
"17779.0,21,21,21"
"17621.0,21,21,21"
"17387.0,20,20,20"
"16762.0,20,20,20"
"17555.0,20,20,20"
"13988.0,20,20,20"
"13118.0,20,20,20"
"16784.0,20,20,20"
"12778.0,20,20,20"
"14052.0,20,20,20"
"15465.0,20,20,20"
"14664.0,20,20,20"
"15906.0,20,20,20"
"14159.0,20,20,20"
"14157.0,20,20,20"
"12702.0,20,20,20"
"14477.0,20,20,20"
"16506.0,20,20,20"
"16464.0,20,20,20"
"14881.0,20,20,20"
"12540.0,20,20,20"
"15963.0,20,20,20"
"14116.0,20,20,20"
"15919.0,20,20,20"
"14595.0,20,20,20"
"14502.0,20,20,20"
"14553.0,19,19,19"
"15567.0,19,19,19"
"16399.0,19,19,19"
"14300.0,19,19,19"
"18080.0,19,19,19"
"17384.0,19,19,19"
"18040.0,19,19,19"
"17738.0,19,19,19"
"17561.0,19,19,19"
"16406.0,19,19,19"
"14587.0,19,19,19"
"13200.0,19,19,19"
"16411.0,19,19,19"
"17758.0,19,19,19"
"16366.0,19,19,19"
"16212.0,19,19,19"
"13823.0,19,19,19"
"18110.0,19,19,19"
"15645.0,19,19,19"
"16710.0,19,19,19"
"16713.0,19,19,19"
"14426.0,19,19,19"
"15671.0,19,19,19"
"12658.0,19,19,19"
"14447.0,19,19,19"
"14449.0,19,19,19"
"14359.0,19,19,19"
"18127.0,19,19,19"
"16666.0,19,19,19"
"15044.0,19,19,19"
"17227.0,19,19,19"
"13565.0,19,19,19"
"13427.0,19,19,19"
"15738.0,19,19,19"
"12597.0,19,19,19"
"15527.0,19,19,19"
"13167.0,19,19,19"
"12795.0,19,19,19"
"12984.0,19,19,19"
"17888.0,19,19,19"
"15850.0,19,19,19"
"15426.0,19,19,19"
"12349.0,19,19,19"
"14883.0,19,19,19"
"13142.0,19,19,19"
"17425.0,19,19,19"
"13673.0,19,19,19"
"14984.0,19,19,19"
"15988.0,19,19,19"
"15533.0,19,19,19"
"16139.0,19,19,19"
"16533.0,19,19,19"
"13189.0,19,19,19"
"17664.0,19,19,19"
"13430.0,19,19,19"
"15857.0,19,19,19"
"16532.0,18,18,18"
"17432.0,18,18,18"
"15681.0,18,18,18"
"14424.0,18,18,18"
"15179.0,18,18,18"
"14834.0,18,18,18"
"12904.0,18,18,18"
"14467.0,18,18,18"
"13862.0,18,18,18"
"14482.0,18,18,18"
"18274.0,18,18,18"
"17453.0,18,18,18"
"15699.0,18,18,18"
"15971.0,18,18,18"
"15163.0,18,18,18"
"15132.0,18,18,18"
"17073.0,18,18,18"
"16748.0,18,18,18"
"12504.0,18,18,18"
"16128.0,18,18,18"
"13282.0,18,18,18"
"14657.0,18,18,18"
"16107.0,18,18,18"
"17100.0,18,18,18"
"13739.0,18,18,18"
"15093.0,18,18,18"
"13403.0,18,18,18"
"13681.0,18,18,18"
"15105.0,18,18,18"
"13363.0,18,18,18"
"14551.0,18,18,18"
"13456.0,18,18,18"
"15845.0,18,18,18"
"15106.0,18,18,18"
"13499.0,18,18,18"
"14515.0,18,18,18"
"15115.0,18,18,18"
"17075.0,18,18,18"
"15116.0,18,18,18"
"13832.0,18,18,18"
"16311.0,18,18,18"
"17155.0,18,18,18"
"15406.0,18,18,18"
"17324.0,18,18,18"
"14030.0,18,18,18"
"17253.0,18,18,18"
"16369.0,18,18,18"
"16655.0,18,18,18"
"16607.0,18,18,18"
"16365.0,18,18,18"
"13246.0,18,18,18"
"13247.0,18,18,18"
"16352.0,18,18,18"
"17600.0,18,18,18"
"15497.0,18,18,18"
"12878.0,18,18,18"
"14297.0,18,18,18"
"17625.0,18,18,18"
"13268.0,18,18,18"
"16330.0,18,18,18"
"17313.0,18,18,18"
"14768.0,17,17,17"
"17500.0,17,17,17"
"15965.0,17,17,17"
"16422.0,17,17,17"
"15634.0,17,17,17"
"13569.0,17,17,17"
"15949.0,17,17,17"
"12775.0,17,17,17"
"14581.0,17,17,17"
"13742.0,17,17,17"
"14020.0,17,17,17"
"12483.0,17,17,17"
"16164.0,17,17,17"
"15727.0,17,17,17"
"12936.0,17,17,17"
"17759.0,17,17,17"
"12452.0,17,17,17"
"16633.0,17,17,17"
"17338.0,17,17,17"
"13448.0,17,17,17"
"14049.0,17,17,17"
"16066.0,17,17,17"
"16985.0,17,17,17"
"16020.0,17,17,17"
"18249.0,17,17,17"
"17010.0,17,17,17"
"14912.0,17,17,17"
"17297.0,17,17,17"
"13502.0,17,17,17"
"13488.0,17,17,17"
"18139.0,17,17,17"
"16185.0,17,17,17"
"15901.0,17,17,17"
"16079.0,17,17,17"
"14790.0,17,17,17"
"13650.0,17,17,17"
"15811.0,17,17,17"
"15977.0,17,17,17"
"12474.0,17,17,17"
"12586.0,17,17,17"
"17685.0,17,17,17"
"12656.0,17,17,17"
"13322.0,17,17,17"
"16261.0,17,17,17"
"17700.0,17,17,17"
"12920.0,17,17,17"
"17360.0,17,17,17"
"14336.0,17,17,17"
"16255.0,17,17,17"
"13986.0,17,17,17"
"14505.0,17,17,17"
"14506.0,17,17,17"
"17371.0,17,17,17"
"13940.0,17,17,17"
"16722.0,17,17,17"
"17519.0,17,17,17"
"14334.0,17,17,17"
"15150.0,17,17,17"
"16670.0,17,17,17"
"18084.0,16,16,16"
"15502.0,16,16,16"
"17034.0,16,16,16"
"13638.0,16,16,16"
"12395.0,16,16,16"
"17463.0,16,16,16"
"17410.0,16,16,16"
"15398.0,16,16,16"
"14539.0,16,16,16"
"14675.0,16,16,16"
"14987.0,16,16,16"
"15005.0,16,16,16"
"13174.0,16,16,16"
"16660.0,16,16,16"
"17809.0,16,16,16"
"17135.0,16,16,16"
"15858.0,16,16,16"
"13588.0,16,16,16"
"14410.0,16,16,16"
"15632.0,16,16,16"
"15253.0,16,16,16"
"13018.0,16,16,16"
"12421.0,16,16,16"
"15916.0,16,16,16"
"15482.0,16,16,16"
"12557.0,16,16,16"
"13899.0,16,16,16"
"16482.0,16,16,16"
"14099.0,16,16,16"
"15270.0,16,16,16"
"12757.0,16,16,16"
"15594.0,16,16,16"
"17422.0,16,16,16"
"16343.0,16,16,16"
"17725.0,16,16,16"
"14744.0,16,16,16"
"17469.0,16,16,16"
"13139.0,16,16,16"
"16596.0,16,16,16"
"13831.0,16,16,16"
"16824.0,16,16,16"
"17671.0,16,16,16"
"16653.0,16,16,16"
"15743.0,16,16,16"
"12948.0,16,16,16"
"16157.0,16,16,16"
"14335.0,16,16,16"
"14607.0,16,16,16"
"16173.0,16,16,16"
"17139.0,16,16,16"
"12388.0,16,16,16"
"17133.0,16,16,16"
"13350.0,16,16,16"
"16189.0,16,16,16"
"15034.0,16,16,16"
"13277.0,16,16,16"
"17228.0,16,16,16"
"15393.0,16,16,16"
"14640.0,16,16,16"
"12619.0,16,16,16"
"15382.0,15,15,15"
"18172.0,15,15,15"
"16609.0,15,15,15"
"17975.0,15,15,15"
"15725.0,15,15,15"
"12681.0,15,15,15"
"13525.0,15,15,15"
"17385.0,15,15,15"
"12531.0,15,15,15"
"13589.0,15,15,15"
"12937.0,15,15,15"
"17323.0,15,15,15"
"17345.0,15,15,15"
"13995.0,15,15,15"
"17247.0,15,15,15"
"12705.0,15,15,15"
"14805.0,15,15,15"
"13579.0,15,15,15"
"13184.0,15,15,15"
"17624.0,15,15,15"
"15953.0,15,15,15"
"17348.0,15,15,15"
"17516.0,15,15,15"
"18184.0,15,15,15"
"16719.0,15,15,15"
"17458.0,15,15,15"
"14756.0,15,15,15"
"16616.0,15,15,15"
"16668.0,15,15,15"
"14709.0,15,15,15"
"13719.0,15,15,15"
"15117.0,15,15,15"
"14703.0,15,15,15"
"18188.0,15,15,15"
"16885.0,15,15,15"
"15428.0,15,15,15"
"14966.0,15,15,15"
"15134.0,15,15,15"
"17302.0,15,15,15"
"12620.0,15,15,15"
"14277.0,15,15,15"
"14591.0,15,15,15"
"13207.0,15,15,15"
"16566.0,15,15,15"
"17767.0,15,15,15"
"15872.0,15,15,15"
"16856.0,15,15,15"
"15737.0,15,15,15"
"13978.0,15,15,15"
"15473.0,14,14,14"
"13048.0,14,14,14"
"13437.0,14,14,14"
"15186.0,14,14,14"
"13149.0,14,14,14"
"17329.0,14,14,14"
"13332.0,14,14,14"
"12438.0,14,14,14"
"14946.0,14,14,14"
"14111.0,14,14,14"
"17813.0,14,14,14"
"16327.0,14,14,14"
"17562.0,14,14,14"
"17557.0,14,14,14"
"16814.0,14,14,14"
"14710.0,14,14,14"
"17236.0,13,13,13"
"18156.0,13,13,13"
"18145.0,13,13,13"
"17812.0,13,13,13"
"17365.0,13,13,13"
"13782.0,13,13,13"
"14878.0,13,13,13"
"13064.0,13,13,13"
"13232.0,13,13,13"
"16983.0,13,13,13"
"15747.0,13,13,13"
"14577.0,13,13,13"
"13571.0,13,13,13"
"14859.0,13,13,13"
"17769.0,13,13,13"
"16407.0,13,13,13"
"16942.0,13,13,13"
"17864.0,13,13,13"
"18112.0,12,12,12"
"16094.0,12,12,12"
"13991.0,12,12,12"
"15009.0,12,12,12"
"17739.0,12,12,12"
"15514.0,12,12,12"
"15714.0,12,12,12"
"15511.0,12,12,12"
"15571.0,12,12,12"
"14954.0,12,12,12"
"16877.0,12,12,12"
"17068.0,12,12,12"
"17651.0,12,12,12"
"14215.0,12,12,12"
"15022.0,12,12,12"
"13258.0,12,12,12"
"12427.0,12,12,12"
"18001.0,12,12,12"
"15721.0,12,12,12"
"15561.0,12,12,12"
"15555.0,12,12,12"
"18041.0,12,12,12"
"18229.0,12,12,12"
"13758.0,12,12,12"
"17988.0,12,12,12"
"15054.0,12,12,12"
"17411.0,12,12,12"
"13418.0,12,12,12"
"14741.0,12,12,12"
"16364.0,12,12,12"
"14093.0,12,12,12"
"17885.0,12,12,12"
"15436.0,12,12,12"
"16005.0,12,12,12"
"13610.0,12,12,12"
"17031.0,12,12,12"
"14470.0,12,12,12"
"17852.0,12,12,12"
"16024.0,12,12,12"
"15987.0,12,12,12"
"17299.0,12,12,12"
"16923.0,12,12,12"
"12906.0,12,12,12"
"17231.0,12,12,12"
"18096.0,12,12,12"
"15861.0,12,12,12"
"17595.0,12,12,12"
"15351.0,12,12,12"
"16900.0,12,12,12"
"13546.0,12,12,12"
"13004.0,12,12,12"
"12674.0,12,12,12"
"13950.0,11,11,11"
"14290.0,11,11,11"
"15148.0,11,11,11"
"16168.0,11,11,11"
"17523.0,11,11,11"
"16800.0,11,11,11"
"17359.0,11,11,11"
"13238.0,11,11,11"
"14419.0,11,11,11"
"12657.0,11,11,11"
"13389.0,11,11,11"
"14452.0,11,11,11"
"16347.0,11,11,11"
"16744.0,11,11,11"
"14480.0,11,11,11"
"17237.0,11,11,11"
"13844.0,11,11,11"
"17379.0,11,11,11"
"14550.0,11,11,11"
"14321.0,11,11,11"
"13349.0,11,11,11"
"12451.0,11,11,11"
"12654.0,11,11,11"
"14511.0,11,11,11"
"13429.0,11,11,11"
"17655.0,11,11,11"
"12627.0,11,11,11"
"13030.0,11,11,11"
"13467.0,11,11,11"
"12727.0,11,11,11"
"17711.0,11,11,11"
"13496.0,11,11,11"
"14180.0,11,11,11"
"13928.0,11,11,11"
"17806.0,11,11,11"
"17019.0,11,11,11"
"17419.0,11,11,11"
"14901.0,11,11,11"
"17929.0,11,11,11"
"13266.0,11,11,11"
"14173.0,11,11,11"
"17306.0,11,11,11"
"16992.0,11,11,11"
"13590.0,11,11,11"
"14125.0,11,11,11"
"18118.0,11,11,11"
"14866.0,11,11,11"
"15619.0,11,11,11"
"15838.0,11,11,11"
"14704.0,11,11,11"
"14961.0,11,11,11"
"13196.0,11,11,11"
"17772.0,11,11,11"
"16818.0,11,11,11"
"13137.0,11,11,11"
"14597.0,11,11,11"
"15540.0,11,11,11"
"14601.0,11,11,11"
"15218.0,11,11,11"
"15783.0,11,11,11"
"14408.0,11,11,11"
"17188.0,11,11,11"
"13188.0,11,11,11"
"17658.0,11,11,11"
"18101.0,11,11,11"
"14667.0,11,11,11"
"14209.0,11,11,11"
"15601.0,11,11,11"
"14205.0,11,11,11"
"13657.0,11,11,11"
"14701.0,11,11,11"
"12660.0,11,11,11"
"16361.0,10,10,10"
"15297.0,10,10,10"
"14824.0,10,10,10"
"16657.0,10,10,10"
"14349.0,10,10,10"
"16549.0,10,10,10"
"14156.0,10,10,10"
"14088.0,10,10,10"
"12787.0,10,10,10"
"16479.0,10,10,10"
"12798.0,10,10,10"
"15414.0,10,10,10"
"14062.0,10,10,10"
"15394.0,10,10,10"
"14235.0,10,10,10"
"13198.0,10,10,10"
"15615.0,10,10,10"
"13203.0,10,10,10"
"14005.0,10,10,10"
"13999.0,10,10,10"
"13211.0,10,10,10"
"17682.0,10,10,10"
"15611.0,10,10,10"
"14540.0,10,10,10"
"15782.0,10,10,10"
"16852.0,10,10,10"
"15073.0,10,10,10"
"13428.0,10,10,10"
"15039.0,10,10,10"
"14390.0,10,10,10"
"16115.0,10,10,10"
"15790.0,10,10,10"
"12953.0,10,10,10"
"12966.0,10,10,10"
"15024.0,10,10,10"
"12488.0,10,10,10"
"17468.0,10,10,10"
"13658.0,10,10,10"
"17466.0,10,10,10"
"14963.0,10,10,10"
"12630.0,10,10,10"
"12494.0,10,10,10"
"13647.0,10,10,10"
"12598.0,10,10,10"
"14711.0,10,10,10"
"16062.0,10,10,10"
"18161.0,10,10,10"
"14723.0,10,10,10"
"14893.0,10,10,10"
"14755.0,10,10,10"
"14785.0,10,10,10"
"15903.0,10,10,10"
"13576.0,10,10,10"
"14836.0,10,10,10"
"13068.0,10,10,10"
"13147.0,10,10,10"
"13784.0,10,10,10"
"16782.0,10,10,10"
"14432.0,10,10,10"
"18058.0,10,10,10"
"16241.0,10,10,10"
"17101.0,10,10,10"
"15113.0,10,10,10"
"16775.0,10,10,10"
"16295.0,10,10,10"
"15152.0,10,10,10"
"14554.0,10,10,10"
"12670.0,10,10,10"
"15089.0,10,10,10"
"18241.0,10,10,10"
"15206.0,10,10,10"
"12464.0,10,10,10"
"15239.0,10,10,10"
"13115.0,9,9,9"
"17828.0,9,9,9"
"12524.0,9,9,9"
"12528.0,9,9,9"
"12784.0,9,9,9"
"12429.0,9,9,9"
"12882.0,9,9,9"
"12901.0,9,9,9"
"17636.0,9,9,9"
"12572.0,9,9,9"
"17340.0,9,9,9"
"17736.0,9,9,9"
"13040.0,9,9,9"
"17727.0,9,9,9"
"17937.0,9,9,9"
"17737.0,9,9,9"
"13012.0,9,9,9"
"13090.0,9,9,9"
"13050.0,9,9,9"
"17381.0,9,9,9"
"17911.0,9,9,9"
"12714.0,9,9,9"
"18059.0,9,9,9"
"12951.0,9,9,9"
"17502.0,9,9,9"
"17540.0,9,9,9"
"13854.0,9,9,9"
"15172.0,9,9,9"
"14258.0,9,9,9"
"14733.0,9,9,9"
"14289.0,9,9,9"
"13644.0,9,9,9"
"17063.0,9,9,9"
"15993.0,9,9,9"
"17071.0,9,9,9"
"18158.0,9,9,9"
"14804.0,9,9,9"
"17096.0,9,9,9"
"16496.0,9,9,9"
"14243.0,9,9,9"
"14853.0,9,9,9"
"13410.0,9,9,9"
"14860.0,9,9,9"
"14188.0,9,9,9"
"16938.0,9,9,9"
"14178.0,9,9,9"
"16839.0,9,9,9"
"17044.0,9,9,9"
"14713.0,9,9,9"
"16101.0,9,9,9"
"14659.0,9,9,9"
"14389.0,9,9,9"
"16956.0,9,9,9"
"18179.0,9,9,9"
"14385.0,9,9,9"
"16293.0,9,9,9"
"14448.0,9,9,9"
"16265.0,9,9,9"
"16376.0,9,9,9"
"14525.0,9,9,9"
"16915.0,9,9,9"
"14329.0,9,9,9"
"16156.0,9,9,9"
"16145.0,9,9,9"
"14618.0,9,9,9"
"14626.0,9,9,9"
"13509.0,9,9,9"
"14644.0,9,9,9"
"13365.0,9,9,9"
"14875.0,9,9,9"
"14936.0,9,9,9"
"15676.0,9,9,9"
"14950.0,9,9,9"
"15197.0,9,9,9"
"14047.0,9,9,9"
"15251.0,9,9,9"
"15563.0,9,9,9"
"13971.0,9,9,9"
"15380.0,9,9,9"
"16700.0,9,9,9"
"13212.0,9,9,9"
"15544.0,9,9,9"
"16701.0,9,9,9"
"16712.0,9,9,9"
"18130.0,9,9,9"
"16717.0,9,9,9"
"13853.0,9,9,9"
"17288.0,9,9,9"
"15444.0,9,9,9"
"15467.0,9,9,9"
"13159.0,9,9,9"
"15654.0,9,9,9"
"14388.0,9,9,9"
"13310.0,9,9,9"
"15021.0,9,9,9"
"15745.0,9,9,9"
"15046.0,9,9,9"
"15101.0,9,9,9"
"15712.0,9,9,9"
"18230.0,9,9,9"
"15793.0,9,9,9"
"15687.0,9,9,9"
"16570.0,9,9,9"
"14146.0,9,9,9"
"15680.0,9,9,9"
"16440.0,8,8,8"
"14367.0,8,8,8"
"14126.0,8,8,8"
"18097.0,8,8,8"
"12684.0,8,8,8"
"17576.0,8,8,8"
"12762.0,8,8,8"
"14292.0,8,8,8"
"14092.0,8,8,8"
"14262.0,8,8,8"
"12856.0,8,8,8"
"17566.0,8,8,8"
"14309.0,8,8,8"
"12700.0,8,8,8"
"14287.0,8,8,8"
"14299.0,8,8,8"
"16038.0,8,8,8"
"16333.0,8,8,8"
"18282.0,8,8,8"
"14960.0,8,8,8"
"18122.0,8,8,8"
"15028.0,8,8,8"
"15060.0,8,8,8"
"12465.0,8,8,8"
"17942.0,8,8,8"
"15144.0,8,8,8"
"15602.0,8,8,8"
"14897.0,8,8,8"
"18144.0,8,8,8"
"15373.0,8,8,8"
"12364.0,8,8,8"
"12359.0,8,8,8"
"15531.0,8,8,8"
"15500.0,8,8,8"
"15434.0,8,8,8"
"15862.0,8,8,8"
"14895.0,8,8,8"
"12664.0,8,8,8"
"14732.0,8,8,8"
"14440.0,8,8,8"
"16242.0,8,8,8"
"16240.0,8,8,8"
"16169.0,8,8,8"
"17768.0,8,8,8"
"16119.0,8,8,8"
"14688.0,8,8,8"
"16759.0,8,8,8"
"15904.0,8,8,8"
"12587.0,8,8,8"
"16011.0,8,8,8"
"14766.0,8,8,8"
"12562.0,8,8,8"
"12553.0,8,8,8"
"15948.0,8,8,8"
"12536.0,8,8,8"
"12919.0,8,8,8"
"17321.0,8,8,8"
"13705.0,8,8,8"
"13297.0,8,8,8"
"17386.0,8,8,8"
"13352.0,8,8,8"
"18077.0,8,8,8"
"16813.0,8,8,8"
"17450.0,8,8,8"
"17157.0,8,8,8"
"12963.0,8,8,8"
"16899.0,8,8,8"
"13183.0,8,8,8"
"16966.0,8,8,8"
"17115.0,8,8,8"
"13171.0,8,8,8"
"16789.0,8,8,8"
"17293.0,8,8,8"
"17014.0,8,8,8"
"17350.0,8,8,8"
"17495.0,8,8,8"
"17183.0,8,8,8"
"13495.0,8,8,8"
"12962.0,7,7,7"
"15769.0,7,7,7"
"15078.0,7,7,7"
"13309.0,7,7,7"
"17221.0,7,7,7"
"14250.0,7,7,7"
"12970.0,7,7,7"
"17584.0,7,7,7"
"15123.0,7,7,7"
"13780.0,7,7,7"
"12704.0,7,7,7"
"14865.0,7,7,7"
"16989.0,7,7,7"
"14594.0,7,7,7"
"14560.0,7,7,7"
"16103.0,7,7,7"
"13458.0,7,7,7"
"14493.0,7,7,7"
"18174.0,7,7,7"
"13017.0,7,7,7"
"14428.0,7,7,7"
"12668.0,7,7,7"
"14788.0,7,7,7"
"13560.0,7,7,7"
"17086.0,7,7,7"
"18245.0,7,7,7"
"16359.0,7,7,7"
"15271.0,7,7,7"
"17686.0,7,7,7"
"12695.0,7,7,7"
"16474.0,7,7,7"
"18055.0,7,7,7"
"13868.0,7,7,7"
"14023.0,7,7,7"
"15547.0,7,7,7"
"17567.0,7,7,7"
"13953.0,7,7,7"
"15570.0,7,7,7"
"14031.0,7,7,7"
"13884.0,7,7,7"
"15539.0,7,7,7"
"13969.0,7,7,7"
"13838.0,6,6,6"
"13153.0,6,6,6"
"13558.0,6,6,6"
"16438.0,6,6,6"
"17629.0,6,6,6"
"14720.0,6,6,6"
"13822.0,6,6,6"
"16033.0,6,6,6"
"17618.0,6,6,6"
"16283.0,6,6,6"
"15773.0,6,6,6"
"17858.0,6,6,6"
"12952.0,6,6,6"
"16561.0,6,6,6"
"18065.0,6,6,6"
"14354.0,6,6,6"
"13808.0,6,6,6"
"14583.0,6,6,6"
"16326.0,6,6,6"
"13596.0,6,6,6"
"12827.0,6,6,6"
"17114.0,6,6,6"
"12719.0,5,5,5"
"14456.0,5,5,5"
"12560.0,5,5,5"
"14931.0,5,5,5"
"12913.0,5,5,5"
"17254.0,5,5,5"
"16746.0,5,5,5"
"18180.0,5,5,5"
"15867.0,5,5,5"
"13956.0,5,5,5"
"16360.0,5,5,5"
"16873.0,5,5,5"
"13417.0,5,5,5"
"13736.0,5,5,5"
"13126.0,5,5,5"
"13435.0,5,5,5"
"16811.0,5,5,5"
"13630.0,5,5,5"
"17827.0,5,5,5"
"16682.0,5,5,5"
"12646.0,5,5,5"
"16905.0,5,5,5"
"14759.0,5,5,5"
"12381.0,5,5,5"
"17131.0,5,5,5"
"12490.0,5,5,5"
"16535.0,5,5,5"
"14102.0,5,5,5"
"17402.0,5,5,5"
"12782.0,5,5,5"
"14649.0,5,5,5"
"17954.0,5,5,5"
"17006.0,5,5,5"
"13704.0,5,5,5"
"16149.0,5,5,5"
"14075.0,5,5,5"
"12925.0,5,5,5"
"12841.0,5,5,5"
"15290.0,5,5,5"
"15628.0,5,5,5"
"14060.0,5,5,5"
"17579.0,5,5,5"
"17936.0,5,5,5"
"14658.0,5,5,5"
"14194.0,5,5,5"
"15572.0,5,5,5"
"17750.0,5,5,5"
"12724.0,5,5,5"
"16988.0,5,5,5"
"15033.0,5,5,5"
"16931.0,5,5,5"
"12673.0,5,5,5"
"15358.0,5,5,5"
"16500.0,5,5,5"
"16642.0,5,5,5"
"16513.0,5,5,5"
"13319.0,5,5,5"
"15053.0,5,5,5"
"17173.0,5,5,5"
"15392.0,5,5,5"
"16013.0,4,4,4"
"17404.0,4,4,4"
"15274.0,4,4,4"
"12584.0,4,4,4"
"16015.0,4,4,4"
"13173.0,4,4,4"
"14737.0,4,4,4"
"14735.0,4,4,4"
"17817.0,4,4,4"
"17811.0,4,4,4"
"16057.0,4,4,4"
"14696.0,4,4,4"
"17290.0,4,4,4"
"18015.0,4,4,4"
"14655.0,4,4,4"
"18167.0,4,4,4"
"14629.0,4,4,4"
"13199.0,4,4,4"
"14869.0,4,4,4"
"18283.0,4,4,4"
"13305.0,4,4,4"
"17914.0,4,4,4"
"12479.0,4,4,4"
"12478.0,4,4,4"
"17920.0,4,4,4"
"15061.0,4,4,4"
"13311.0,4,4,4"
"15097.0,4,4,4"
"15690.0,4,4,4"
"18030.0,4,4,4"
"15318.0,4,4,4"
"15145.0,4,4,4"
"15157.0,4,4,4"
"13255.0,4,4,4"
"17218.0,4,4,4"
"13230.0,4,4,4"
"15640.0,4,4,4"
"15031.0,4,4,4"
"17346.0,4,4,4"
"13083.0,4,4,4"
"15854.0,4,4,4"
"15992.0,4,4,4"
"18005.0,4,4,4"
"14793.0,4,4,4"
"17090.0,4,4,4"
"14825.0,4,4,4"
"15932.0,4,4,4"
"17250.0,4,4,4"
"15907.0,4,4,4"
"12367.0,4,4,4"
"15621.0,4,4,4"
"17884.0,4,4,4"
"17383.0,4,4,4"
"13079.0,4,4,4"
"15550.0,4,4,4"
"15856.0,4,4,4"
"16133.0,4,4,4"
"14547.0,4,4,4"
"14608.0,4,4,4"
"12971.0,4,4,4"
"17593.0,4,4,4"
"17676.0,4,4,4"
"16904.0,4,4,4"
"16910.0,4,4,4"
"16379.0,4,4,4"
"14071.0,4,4,4"
"16929.0,4,4,4"
"16353.0,4,4,4"
"12683.0,4,4,4"
"12682.0,4,4,4"
"12994.0,4,4,4"
"12957.0,4,4,4"
"17706.0,4,4,4"
"18198.0,4,4,4"
"16949.0,4,4,4"
"16592.0,4,4,4"
"14401.0,4,4,4"
"14083.0,4,4,4"
"17666.0,4,4,4"
"14418.0,4,4,4"
"16851.0,4,4,4"
"17481.0,4,4,4"
"12753.0,4,4,4"
"14140.0,4,4,4"
"14113.0,4,4,4"
"12749.0,4,4,4"
"16528.0,4,4,4"
"12723.0,4,4,4"
"14198.0,4,4,4"
"13694.0,4,4,4"
"12766.0,4,4,4"
"14110.0,4,4,4"
"14096.0,4,4,4"
"14219.0,4,4,4"
"17611.0,4,4,4"
"18044.0,4,4,4"
"17659.0,4,4,4"
"12716.0,4,4,4"
"13709.0,4,4,4"
"13001.0,4,4,4"
"14121.0,4,4,4"
"12921.0,4,4,4"
"13755.0,4,4,4"
"16200.0,4,4,4"
"14543.0,4,4,4"
"14546.0,4,4,4"
"17744.0,4,4,4"
"13881.0,4,4,4"
"13790.0,4,4,4"
"14562.0,4,4,4"
"16684.0,4,4,4"
"12877.0,4,4,4"
"16968.0,4,4,4"
"16790.0,4,4,4"
"17728.0,4,4,4"
"16764.0,4,4,4"
"16597.0,4,4,4"
"16600.0,4,4,4"
"16620.0,4,4,4"
"13994.0,4,4,4"
"12628.0,4,4,4"
"13985.0,4,4,4"
"13914.0,4,4,4"
"17426.0,4,4,4"
"16979.0,4,4,4"
"13021.0,4,4,4"
"17503.0,3,3,3"
"16539.0,3,3,3"
"12912.0,3,3,3"
"14087.0,3,3,3"
"16554.0,3,3,3"
"13882.0,3,3,3"
"17511.0,3,3,3"
"13104.0,3,3,3"
"18237.0,3,3,3"
"13743.0,3,3,3"
"16711.0,3,3,3"
"15750.0,3,3,3"
"17232.0,3,3,3"
"15136.0,3,3,3"
"12442.0,3,3,3"
"12417.0,3,3,3"
"15622.0,3,3,3"
"15568.0,3,3,3"
"12828.0,3,3,3"
"16817.0,3,3,3"
"12826.0,3,3,3"
"12820.0,3,3,3"
"17238.0,3,3,3"
"16678.0,3,3,3"
"12375.0,3,3,3"
"16571.0,3,3,3"
"15195.0,3,3,3"
"13225.0,3,3,3"
"15194.0,3,3,3"
"13949.0,3,3,3"
"16569.0,3,3,3"
"18154.0,3,3,3"
"12362.0,3,3,3"
"12839.0,3,3,3"
"13267.0,3,3,3"
"13109.0,3,3,3"
"12785.0,3,3,3"
"13089.0,3,3,3"
"14141.0,3,3,3"
"14794.0,3,3,3"
"16313.0,3,3,3"
"16000.0,3,3,3"
"14769.0,3,3,3"
"12583.0,3,3,3"
"13014.0,3,3,3"
"16271.0,3,3,3"
"18225.0,3,3,3"
"17730.0,3,3,3"
"17835.0,3,3,3"
"16016.0,3,3,3"
"17049.0,3,3,3"
"14503.0,3,3,3"
"16971.0,3,3,3"
"14527.0,3,3,3"
"16201.0,3,3,3"
"12650.0,3,3,3"
"17042.0,3,3,3"
"14534.0,3,3,3"
"16191.0,3,3,3"
"17412.0,3,3,3"
"14708.0,3,3,3"
"16076.0,3,3,3"
"14673.0,3,3,3"
"17017.0,3,3,3"
"14572.0,3,3,3"
"18219.0,3,3,3"
"14578.0,3,3,3"
"13507.0,3,3,3"
"16987.0,3,3,3"
"16495.0,3,3,3"
"15984.0,3,3,3"
"17857.0,3,3,3"
"14907.0,3,3,3"
"12967.0,3,3,3"
"13685.0,3,3,3"
"13323.0,3,3,3"
"15023.0,3,3,3"
"16458.0,3,3,3"
"14216.0,3,3,3"
"15814.0,3,3,3"
"15822.0,3,3,3"
"16143.0,3,3,3"
"12720.0,3,3,3"
"13668.0,3,3,3"
"13362.0,3,3,3"
"17705.0,3,3,3"
"14910.0,3,3,3"
"14298.0,3,3,3"
"14871.0,3,3,3"
"17861.0,3,3,3"
"17091.0,3,3,3"
"15969.0,3,3,3"
"14868.0,3,3,3"
"12989.0,3,3,3"
"12709.0,3,3,3"
"14282.0,3,3,3"
"18272.0,3,3,3"
"17883.0,3,3,3"
"14293.0,3,3,3"
"17119.0,3,3,3"
"18210.0,2,2,2"
"18109.0,2,2,2"
"18223.0,2,2,2"
"18092.0,2,2,2"
"18273.0,2,2,2"
"12347.0,2,2,2"
"15298.0,2,2,2"
"16523.0,2,2,2"
"15187.0,2,2,2"
"15214.0,2,2,2"
"15237.0,2,2,2"
"13534.0,2,2,2"
"15443.0,2,2,2"
"15453.0,2,2,2"
"15471.0,2,2,2"
"13468.0,2,2,2"
"15520.0,2,2,2"
"15525.0,2,2,2"
"13436.0,2,2,2"
"15701.0,2,2,2"
"13408.0,2,2,2"
"15877.0,2,2,2"
"15883.0,2,2,2"
"13394.0,2,2,2"
"15950.0,2,2,2"
"13314.0,2,2,2"
"16019.0,2,2,2"
"16161.0,2,2,2"
"16368.0,2,2,2"
"16393.0,2,2,2"
"16426.0,2,2,2"
"15159.0,2,2,2"
"13756.0,2,2,2"
"14904.0,2,2,2"
"14395.0,2,2,2"
"14129.0,2,2,2"
"14132.0,2,2,2"
"14135.0,2,2,2"
"14138.0,2,2,2"
"14189.0,2,2,2"
"14191.0,2,2,2"
"14204.0,2,2,2"
"14217.0,2,2,2"
"14251.0,2,2,2"
"14291.0,2,2,2"
"14032.0,2,2,2"
"13767.0,2,2,2"
"13954.0,2,2,2"
"13924.0,2,2,2"
"14442.0,2,2,2"
"14520.0,2,2,2"
"13870.0,2,2,2"
"14646.0,2,2,2"
"14698.0,2,2,2"
"14719.0,2,2,2"
"13769.0,2,2,2"
"14739.0,2,2,2"
"16442.0,2,2,2"
"16210.0,2,2,2"
"14085.0,2,2,2"
"17631.0,2,2,2"
"17590.0,2,2,2"
"17522.0,2,2,2"
"17097.0,2,2,2"
"12935.0,2,2,2"
"12783.0,2,2,2"
"17266.0,2,2,2"
"12747.0,2,2,2"
"12523.0,2,2,2"
"16525.0,2,2,2"
"17434.0,2,2,2"
"17436.0,2,2,2"
"12558.0,2,2,2"
"17449.0,2,2,2"
"12621.0,2,2,2"
"12615.0,2,2,2"
"17602.0,2,2,2"
"12950.0,2,2,2"
"12471.0,2,2,2"
"17677.0,2,2,2"
"17870.0,2,2,2"
"17856.0,2,2,2"
"17841.0,2,2,2"
"17830.0,2,2,2"
"16672.0,2,2,2"
"12358.0,2,2,2"
"17735.0,2,2,2"
"16891.0,2,2,2"
"12569.0,2,2,2"
"16779.0,2,2,2"
"12437.0,2,2,2"
"12462.0,2,2,2"
"12518.0,1,1,1"
"13883.0,1,1,1"
"12433.0,1,1,1"
"13798.0,1,1,1"
"12526.0,1,1,1"
"13777.0,1,1,1"
"12423.0,1,1,1"
"12476.0,1,1,1"
"14051.0,1,1,1"
"13890.0,1,1,1"
"13860.0,1,1,1"
"13102.0,1,1,1"
"13680.0,1,1,1"
"13026.0,1,1,1"
"13113.0,1,1,1"
"13098.0,1,1,1"
"13263.0,1,1,1"
"13081.0,1,1,1"
"13269.0,1,1,1"
"13298.0,1,1,1"
"14056.0,1,1,1"
"13078.0,1,1,1"
"13077.0,1,1,1"
"13069.0,1,1,1"
"13318.0,1,1,1"
"13013.0,1,1,1"
"13536.0,1,1,1"
"13404.0,1,1,1"
"12985.0,1,1,1"
"13426.0,1,1,1"
"12955.0,1,1,1"
"13471.0,1,1,1"
"12748.0,1,1,1"
"13510.0,1,1,1"
"13521.0,1,1,1"
"12713.0,1,1,1"
"12680.0,1,1,1"
"12662.0,1,1,1"
"13599.0,1,1,1"
"17949.0,1,1,1"
"14397.0,1,1,1"
"16558.0,1,1,1"
"16688.0,1,1,1"
"16705.0,1,1,1"
"16794.0,1,1,1"
"16833.0,1,1,1"
"16892.0,1,1,1"
"16933.0,1,1,1"
"16954.0,1,1,1"
"17001.0,1,1,1"
"17144.0,1,1,1"
"17243.0,1,1,1"
"17315.0,1,1,1"
"17364.0,1,1,1"
"17389.0,1,1,1"
"17405.0,1,1,1"
"17428.0,1,1,1"
"17451.0,1,1,1"
"17490.0,1,1,1"
"17491.0,1,1,1"
"17526.0,1,1,1"
"17528.0,1,1,1"
"17530.0,1,1,1"
"17554.0,1,1,1"
"17581.0,1,1,1"
"17644.0,1,1,1"
"17668.0,1,1,1"
"17673.0,1,1,1"
"17675.0,1,1,1"
"17754.0,1,1,1"
"17757.0,1,1,1"
"16626.0,1,1,1"
"16446.0,1,1,1"
"14415.0,1,1,1"
"18102.0,1,1,1"
"14422.0,1,1,1"
"14441.0,1,1,1"
"14446.0,1,1,1"
"14569.0,1,1,1"
"14606.0,1,1,1"
"14621.0,1,1,1"
"14653.0,1,1,1"
"14702.0,1,1,1"
"14730.0,1,1,1"
"17924.0,1,1,1"
"14911.0,1,1,1"
"15156.0,1,1,1"
"15189.0,1,1,1"
"15208.0,1,1,1"
"15311.0,1,1,1"
"15344.0,1,1,1"
"15399.0,1,1,1"
"15484.0,1,1,1"
"15498.0,1,1,1"
"15694.0,1,1,1"
"15755.0,1,1,1"
"15796.0,1,1,1"
"15804.0,1,1,1"
"15898.0,1,1,1"
"15910.0,1,1,1"
"15951.0,1,1,1"
"16322.0,1,1,1"
"16358.0,1,1,1"
"16401.0,1,1,1"
"14796.0,1,1,1"
